EmployeeID,Age,Gender,MaritalStatus,Education,Department,JobRole,JobLevel,YearsAtCompany,YearsInCurrentRole,YearsSinceLastPromotion,MonthlyIncome,PercentSalaryHike,JobSatisfaction,EnvironmentSatisfaction,WorkLifeBalance,RelationshipSatisfaction,PerformanceRating,DistanceFromHome,OverTime,TrainingTimesLastYear,Attrition
1,56,Male,Married,Bachelor,IT,Manager,4,16,2,0,11321,23,5,1,4,4,1,27,Yes,3,Yes
2,46,Female,Divorced,Master,Sales,Sales Executive,2,19,9,4,7435,18,5,1,1,4,2,1,No,3,No
3,32,Female,Married,Master,IT,HR Specialist,1,12,4,5,10493,20,3,2,2,1,3,29,No,4,No
4,60,Female,Married,High School,Research & Development,Manager,3,2,2,12,8691,10,3,1,3,1,3,21,Yes,1,Yes
5,25,Male,Married,Bachelor,Research & Development,Sales Executive,4,0,8,1,4763,12,3,1,2,3,1,20,No,0,No
6,38,Male,Married,Master,IT,HR Specialist,2,3,7,14,5241,1,1,1,5,1,2,20,Yes,6,No
7,56,Male,Single,PhD,IT,Developer,5,12,2,14,5057,10,2,4,4,4,4,7,Yes,1,Yes
8,36,Male,Single,Master,Research & Development,Sales Executive,4,16,8,12,18934,9,5,1,2,3,4,9,No,2,No
9,40,Male,Divorced,High School,HR,Data Scientist,2,10,5,9,7574,3,5,3,3,1,3,8,Yes,3,No
10,28,Male,Single,PhD,Research & Development,Manager,1,1,6,8,7411,19,2,5,1,2,1,27,No,3,No
11,28,Male,Single,High School,Research & Development,Sales Executive,1,15,3,13,3587,9,5,1,4,5,3,13,No,1,No
12,41,Male,Divorced,Master,IT,Sales Executive,4,1,3,9,12014,10,2,1,2,1,1,14,Yes,1,Yes
13,53,Female,Divorced,PhD,Research & Development,Data Scientist,4,18,1,5,7920,19,1,1,3,1,4,12,Yes,5,No
14,57,Female,Divorced,Bachelor,IT,HR Specialist,3,18,4,6,13688,16,1,3,2,2,3,8,No,1,No
15,41,Male,Single,Bachelor,IT,Developer,2,15,7,13,6409,24,1,1,5,4,3,21,No,5,Yes
16,20,Male,Single,PhD,Sales,Data Scientist,4,18,6,14,7783,18,2,1,4,2,1,22,No,2,No
17,39,Female,Divorced,PhD,Research & Development,Developer,3,8,6,9,2712,14,2,5,1,1,2,18,Yes,2,Yes
18,19,Male,Married,High School,HR,HR Specialist,3,0,5,14,7406,3,4,3,3,4,1,16,No,0,No
19,41,Male,Divorced,PhD,Sales,Sales Executive,4,9,2,7,14041,2,5,3,2,3,2,29,Yes,1,No
20,61,Male,Married,High School,IT,Developer,1,18,4,10,4433,1,5,1,4,1,4,11,Yes,0,No
21,47,Female,Married,Master,IT,Manager,2,0,0,14,5301,18,4,3,2,2,3,16,Yes,6,Yes
22,55,Female,Divorced,High School,HR,Manager,2,1,6,12,18654,24,4,2,4,3,3,14,No,4,Yes
23,19,Female,Divorced,PhD,IT,Data Scientist,1,15,8,9,13586,9,1,3,5,5,1,3,Yes,2,Yes
24,38,Female,Divorced,PhD,Research & Development,HR Specialist,4,11,0,0,19463,13,4,3,2,3,1,21,No,3,No
25,50,Female,Single,Master,Sales,Data Scientist,2,7,1,13,7322,2,2,3,5,2,4,2,Yes,5,Yes
26,29,Male,Married,PhD,IT,Data Scientist,4,17,2,7,15932,7,3,4,3,3,4,3,No,4,No
27,39,Female,Single,PhD,IT,Data Scientist,4,1,2,3,7257,16,2,4,5,2,2,4,No,3,No
28,61,Male,Single,Bachelor,HR,Manager,3,12,7,9,15733,21,4,4,4,1,4,22,Yes,4,Yes
29,42,Male,Divorced,Bachelor,Research & Development,Manager,1,5,6,7,15368,19,5,3,3,4,4,5,No,0,No
30,44,Female,Single,Master,IT,Data Scientist,4,5,5,12,11777,15,2,2,2,5,4,10,Yes,0,No
31,59,Female,Divorced,High School,HR,Manager,5,8,9,14,13249,22,5,3,2,4,4,20,Yes,5,No
32,45,Male,Married,Bachelor,IT,HR Specialist,1,15,9,5,14881,11,2,1,4,4,2,29,Yes,2,No
33,33,Male,Divorced,High School,HR,Data Scientist,2,10,3,10,11587,1,5,2,1,4,4,2,Yes,6,No
34,32,Male,Single,PhD,HR,Manager,3,6,8,8,10791,21,2,4,1,2,2,12,Yes,5,No
35,64,Female,Single,Bachelor,Research & Development,Developer,2,9,0,10,10705,7,5,5,2,2,1,27,Yes,6,No
36,61,Female,Divorced,Master,IT,Data Scientist,2,9,1,3,11258,20,3,2,4,5,3,5,Yes,3,No
37,20,Female,Divorced,Master,Research & Development,Data Scientist,1,19,3,1,9833,8,1,4,1,2,1,5,No,4,No
38,54,Female,Single,Master,HR,HR Specialist,2,17,2,13,16245,10,2,2,5,2,4,27,Yes,5,No
39,24,Female,Married,Bachelor,Sales,Sales Executive,4,19,0,1,17754,5,3,2,2,2,3,23,Yes,6,No
40,38,Male,Married,High School,IT,Sales Executive,2,8,4,4,11280,9,1,3,5,2,4,1,No,1,Yes
41,26,Female,Divorced,PhD,Sales,HR Specialist,3,14,6,9,14577,1,2,1,4,1,4,4,No,1,No
42,56,Male,Married,High School,IT,HR Specialist,3,3,1,8,4514,2,3,5,5,5,1,27,Yes,2,No
43,35,Male,Single,High School,Research & Development,HR Specialist,5,7,4,11,5969,19,3,4,1,2,4,21,Yes,6,No
44,21,Male,Divorced,PhD,Research & Development,Sales Executive,3,8,5,2,6566,14,3,2,1,5,1,24,Yes,5,No
45,42,Female,Single,PhD,Research & Development,HR Specialist,2,12,6,7,4196,20,4,5,3,3,4,12,No,3,No
46,31,Female,Single,Bachelor,Research & Development,Manager,3,8,0,3,19173,10,5,2,2,1,2,12,Yes,1,No
47,26,Female,Married,Bachelor,Research & Development,Data Scientist,1,3,6,5,13345,9,1,1,4,2,3,16,No,2,No
48,43,Male,Divorced,Bachelor,Sales,Data Scientist,3,16,3,9,3309,10,5,5,2,1,1,24,Yes,5,No
49,19,Male,Divorced,Bachelor,Research & Development,Developer,4,15,7,5,2864,6,5,4,5,1,1,17,Yes,2,No
50,37,Male,Married,Bachelor,HR,Developer,1,14,3,2,14055,17,5,2,4,3,3,21,No,3,No
51,45,Male,Single,PhD,HR,Data Scientist,5,2,5,13,7389,6,3,1,4,5,1,10,Yes,1,Yes
52,64,Male,Single,High School,Sales,Manager,4,19,8,4,13716,4,5,5,1,1,3,17,Yes,1,No
53,24,Male,Single,Bachelor,IT,Sales Executive,2,4,4,11,13978,20,4,2,5,4,2,17,Yes,1,No
54,61,Female,Single,Bachelor,HR,Sales Executive,2,4,3,2,5003,3,2,2,1,3,4,18,No,6,No
55,25,Female,Divorced,High School,IT,Manager,2,19,7,10,16174,23,3,4,1,4,2,2,Yes,0,No
56,64,Female,Divorced,Bachelor,Sales,Sales Executive,4,14,8,14,15772,19,1,1,3,3,4,25,Yes,6,No
57,52,Female,Married,High School,IT,HR Specialist,4,17,3,10,19615,18,2,3,1,4,3,4,No,1,Yes
58,31,Male,Married,High School,IT,Data Scientist,4,14,2,14,9959,24,2,2,2,4,2,19,No,4,Yes
59,34,Male,Divorced,PhD,IT,Data Scientist,1,1,7,0,13980,4,2,5,4,1,4,11,Yes,0,No
60,53,Female,Divorced,Master,IT,Manager,1,12,4,6,8581,8,5,4,1,1,3,17,Yes,5,No
61,57,Male,Single,PhD,Sales,Sales Executive,2,3,1,3,18805,17,5,4,2,3,4,12,No,6,No
62,21,Female,Single,Master,HR,Developer,3,9,9,13,11965,5,3,2,5,5,1,2,Yes,0,Yes
63,19,Female,Married,Master,Research & Development,Developer,2,12,8,6,13760,13,5,2,4,1,1,6,Yes,0,Yes
64,23,Female,Divorced,Master,IT,Sales Executive,5,9,2,2,16922,1,5,2,5,1,3,9,No,6,No
65,59,Male,Married,Bachelor,HR,Developer,1,8,1,11,2946,13,5,3,2,2,4,5,Yes,6,Yes
66,21,Female,Divorced,PhD,HR,Manager,4,7,0,14,3564,4,3,2,5,1,1,20,Yes,0,No
67,46,Female,Single,Master,Sales,Manager,1,2,7,14,9332,22,3,1,5,5,2,29,No,2,No
68,35,Female,Married,High School,HR,Sales Executive,4,15,2,10,6944,24,4,5,5,2,4,21,Yes,4,No
69,43,Male,Married,Bachelor,Sales,Developer,5,13,6,4,18057,14,4,2,1,4,4,9,Yes,3,No
70,61,Male,Divorced,PhD,IT,Manager,5,8,0,4,15877,3,4,3,1,4,1,28,Yes,1,No
71,51,Female,Single,Master,IT,Manager,1,10,0,14,12139,5,4,5,1,2,1,29,No,6,No
72,27,Male,Married,High School,Research & Development,HR Specialist,4,2,8,12,3308,7,2,4,4,2,3,23,Yes,0,Yes
73,53,Male,Single,PhD,Research & Development,HR Specialist,5,4,7,1,18770,1,2,2,2,2,4,8,No,3,No
74,31,Male,Married,PhD,Research & Development,Manager,2,9,2,10,5258,23,4,5,1,3,2,20,No,6,No
75,48,Male,Single,Bachelor,HR,Sales Executive,2,12,5,9,6811,12,4,4,5,5,1,27,Yes,2,No
76,32,Male,Divorced,PhD,IT,Data Scientist,4,3,2,11,8697,11,1,3,5,5,4,8,No,3,No
77,25,Male,Married,Bachelor,Sales,Data Scientist,1,12,3,1,17775,24,2,1,5,4,1,22,Yes,0,No
78,31,Male,Married,Master,Research & Development,Manager,5,11,0,3,13039,8,1,2,5,4,3,21,Yes,5,Yes
79,40,Male,Single,Bachelor,Sales,Manager,1,4,4,14,3439,6,1,1,3,4,4,29,Yes,4,Yes
80,57,Male,Single,High School,Sales,Manager,2,9,0,3,13634,22,5,3,4,1,4,28,No,3,No
81,38,Male,Married,Bachelor,Research & Development,Sales Executive,5,8,0,3,2055,2,3,5,2,4,3,23,Yes,6,No
82,33,Female,Divorced,High School,IT,HR Specialist,1,19,9,5,2105,19,2,5,2,2,2,6,Yes,0,Yes
83,62,Female,Single,Bachelor,Research & Development,Manager,3,6,6,1,5201,20,4,3,1,4,1,3,Yes,6,No
84,35,Male,Single,PhD,Sales,Manager,4,1,5,5,17184,20,4,3,3,2,3,5,No,0,Yes
85,64,Female,Single,Master,Research & Development,Developer,4,6,1,6,2669,24,3,2,2,3,4,9,No,1,No
86,41,Female,Married,High School,Sales,Sales Executive,3,7,1,10,14663,14,2,4,4,1,3,7,Yes,5,No
87,43,Male,Married,Bachelor,Sales,Manager,2,6,6,9,2966,1,4,1,5,1,4,28,Yes,1,No
88,42,Male,Married,Bachelor,Research & Development,Developer,5,13,0,2,18691,10,4,1,1,5,3,4,Yes,5,No
89,62,Male,Married,Bachelor,HR,Data Scientist,4,18,1,10,13656,16,5,5,4,3,2,7,Yes,4,Yes
90,58,Female,Divorced,PhD,Research & Development,Manager,3,4,7,11,17893,4,1,5,2,2,4,5,No,1,No
91,46,Female,Divorced,PhD,HR,Manager,3,17,5,7,15089,11,4,2,3,3,3,11,No,4,No
92,32,Male,Married,High School,Sales,Developer,2,19,1,1,18493,16,2,3,1,1,2,29,No,6,No
93,62,Male,Divorced,High School,Sales,Sales Executive,2,11,6,10,5632,20,3,1,2,2,2,15,No,2,No
94,18,Male,Single,PhD,HR,Manager,1,16,3,7,7684,1,5,2,1,3,1,2,No,2,Yes
95,42,Female,Single,High School,Sales,Data Scientist,4,12,1,12,15266,16,2,5,2,1,4,13,No,5,No
96,24,Female,Single,Master,HR,Manager,1,1,5,10,18940,19,5,5,5,2,1,22,No,5,No
97,26,Female,Married,Master,HR,Data Scientist,3,12,8,4,2104,21,1,1,3,2,2,16,Yes,1,No
98,41,Female,Single,PhD,Sales,HR Specialist,5,6,8,1,4047,22,4,5,5,1,1,7,Yes,2,Yes
99,18,Male,Divorced,High School,IT,HR Specialist,5,9,7,6,18529,9,2,5,2,2,1,8,Yes,3,Yes
100,61,Male,Married,Bachelor,HR,Data Scientist,2,5,2,13,19257,9,3,4,4,1,3,6,Yes,3,No
101,25,Male,Divorced,Master,Research & Development,Sales Executive,5,2,2,1,18682,9,1,3,5,4,1,24,Yes,6,No
102,41,Male,Single,PhD,Research & Development,Manager,5,2,1,13,10837,17,1,5,4,4,2,7,Yes,3,No
103,28,Female,Single,High School,Sales,Manager,5,17,4,5,17407,12,5,4,2,2,1,18,No,6,Yes
104,34,Female,Single,PhD,IT,HR Specialist,3,10,3,9,8382,13,1,2,3,2,4,22,Yes,2,Yes
105,25,Male,Married,Bachelor,Sales,Data Scientist,5,19,6,2,2783,8,2,5,4,1,3,25,No,3,No
106,52,Male,Divorced,Master,IT,Manager,5,4,3,8,2370,16,5,2,2,2,2,28,Yes,4,Yes
107,52,Female,Married,PhD,HR,Manager,5,18,8,2,17908,18,1,5,4,5,1,22,No,0,No
108,50,Male,Married,PhD,HR,Sales Executive,1,18,1,10,2486,1,3,1,5,4,4,20,No,5,No
109,22,Female,Single,PhD,HR,Developer,3,14,5,14,16500,1,2,4,2,2,2,7,Yes,1,No
110,59,Male,Married,Bachelor,HR,HR Specialist,2,15,6,11,5196,12,3,4,5,2,1,3,Yes,6,Yes
111,56,Male,Married,PhD,Research & Development,HR Specialist,1,8,3,11,11552,6,3,1,1,3,3,5,Yes,4,Yes
112,58,Male,Single,Bachelor,Research & Development,Developer,4,3,5,2,4261,9,5,3,2,2,1,1,Yes,3,No
113,45,Male,Married,Bachelor,Sales,Manager,3,14,6,4,12813,23,4,4,4,5,2,15,Yes,0,No
114,24,Male,Single,Bachelor,IT,Sales Executive,3,11,3,6,11148,5,5,2,1,4,2,26,No,1,No
115,26,Male,Single,Master,HR,Sales Executive,4,2,7,13,10572,16,2,4,5,3,2,3,Yes,4,No
116,25,Male,Single,Master,HR,HR Specialist,4,13,8,7,17008,18,2,3,5,1,4,8,No,1,Yes
117,29,Female,Single,PhD,IT,Sales Executive,4,16,0,11,15085,17,5,2,4,1,1,25,No,6,No
118,51,Female,Married,PhD,IT,Developer,2,18,6,10,18622,18,4,2,1,4,1,9,No,6,No
119,50,Female,Single,Master,Sales,Manager,5,5,8,6,8843,1,5,1,3,1,1,15,Yes,5,No
120,40,Female,Single,High School,IT,Developer,3,3,9,8,3105,19,2,5,4,5,3,10,Yes,2,Yes
121,41,Female,Married,Master,HR,Data Scientist,5,6,4,4,19770,22,4,1,5,2,4,2,Yes,6,No
122,54,Male,Married,Bachelor,HR,HR Specialist,5,18,1,9,12441,8,2,5,2,4,4,20,Yes,3,No
123,52,Male,Divorced,Master,HR,Sales Executive,4,16,9,10,11719,3,4,1,1,3,3,5,Yes,4,No
124,61,Female,Married,Bachelor,HR,Data Scientist,2,15,5,14,4691,5,4,5,3,2,4,19,Yes,4,No
125,57,Male,Married,PhD,HR,Sales Executive,1,14,6,2,13864,23,5,4,2,1,3,13,No,0,No
126,39,Female,Divorced,High School,Sales,Manager,2,7,1,5,3996,8,5,2,1,1,2,11,Yes,0,No
127,44,Female,Married,PhD,HR,Manager,5,18,1,4,3425,19,5,5,4,3,2,1,No,0,No
128,52,Male,Married,Bachelor,Sales,Manager,2,7,9,11,18378,18,4,4,4,5,4,22,No,1,No
129,18,Male,Married,Bachelor,HR,Sales Executive,4,17,9,3,8849,18,4,3,1,3,2,15,Yes,3,Yes
130,52,Male,Married,Bachelor,Research & Development,Data Scientist,1,15,0,11,5247,21,2,1,3,4,2,26,Yes,1,Yes
131,54,Female,Divorced,High School,Research & Development,Manager,4,19,3,1,3490,1,3,3,1,3,2,18,Yes,3,Yes
132,64,Male,Married,Master,Research & Development,Data Scientist,1,18,6,6,19608,15,5,4,2,1,1,16,Yes,4,No
133,31,Female,Married,PhD,Research & Development,Sales Executive,5,9,8,12,16310,18,2,3,2,5,2,9,Yes,6,No
134,20,Female,Divorced,PhD,Sales,Data Scientist,1,16,2,4,19216,7,2,3,4,5,1,1,Yes,6,No
135,18,Female,Single,Master,Sales,Sales Executive,1,12,6,3,17401,16,1,4,1,3,3,11,No,1,No
136,22,Male,Divorced,PhD,IT,Sales Executive,1,12,6,11,14884,16,5,2,4,4,3,9,No,1,No
137,43,Male,Single,High School,HR,HR Specialist,2,6,6,13,6795,15,2,5,3,1,3,23,No,1,Yes
138,31,Female,Divorced,PhD,Research & Development,Sales Executive,2,9,1,7,3646,6,1,1,2,2,3,11,No,2,Yes
139,56,Male,Divorced,Bachelor,Sales,Sales Executive,5,1,5,8,18142,9,5,5,5,5,3,13,No,5,No
140,44,Male,Married,Master,HR,Developer,1,3,1,8,16306,7,4,1,5,3,2,26,No,3,No
141,26,Male,Single,High School,HR,Manager,3,5,5,2,18824,14,1,5,1,4,2,2,Yes,6,Yes
142,32,Female,Married,Master,Sales,HR Specialist,5,17,9,2,7956,11,4,3,1,4,2,14,Yes,3,No
143,32,Female,Single,High School,Research & Development,HR Specialist,1,5,2,4,15928,21,3,2,5,1,3,6,Yes,1,No
144,43,Male,Divorced,Bachelor,IT,HR Specialist,1,16,1,4,11721,16,3,3,1,5,3,8,No,2,No
145,59,Female,Divorced,Master,HR,Developer,2,13,5,9,13157,6,3,2,2,1,1,18,No,1,No
146,30,Male,Single,PhD,IT,Sales Executive,5,10,1,1,4367,22,3,4,3,2,4,16,No,3,No
147,49,Male,Married,High School,Research & Development,Manager,1,18,4,0,8696,16,2,1,3,2,2,21,Yes,5,No
148,56,Male,Married,Master,Research & Development,Data Scientist,1,1,1,7,7190,20,3,1,4,2,4,29,Yes,6,No
149,49,Male,Married,PhD,IT,Sales Executive,5,2,2,2,6663,16,2,4,2,4,3,12,Yes,5,No
150,21,Female,Married,Master,Research & Development,Developer,3,10,2,0,9062,12,2,5,1,5,3,11,No,4,Yes
151,47,Female,Divorced,Master,HR,Sales Executive,5,5,5,0,6331,17,5,4,1,1,3,6,No,2,No
152,54,Female,Divorced,Master,IT,Sales Executive,5,13,5,10,13880,5,2,4,4,1,4,3,No,5,No
153,40,Male,Divorced,High School,Research & Development,Developer,3,18,9,14,18246,13,2,2,4,2,1,14,Yes,2,Yes
154,56,Male,Divorced,PhD,IT,HR Specialist,5,15,2,1,5262,8,3,4,1,5,3,28,No,1,Yes
155,62,Male,Divorced,Bachelor,HR,HR Specialist,1,6,2,5,15320,24,2,1,1,5,1,2,Yes,4,Yes
156,32,Female,Married,High School,Research & Development,Manager,5,7,0,5,9036,5,4,3,2,3,1,11,Yes,3,No
157,60,Male,Married,High School,HR,Manager,3,18,6,13,6677,12,3,2,4,5,2,22,Yes,5,No
158,46,Female,Married,High School,Research & Development,HR Specialist,4,19,7,2,9972,9,1,2,2,5,4,3,Yes,5,No
159,53,Female,Married,Bachelor,Sales,Data Scientist,5,15,1,11,17329,3,3,5,1,1,3,18,Yes,0,No
160,30,Female,Divorced,PhD,Research & Development,Sales Executive,2,6,3,3,6264,3,2,3,5,5,1,1,Yes,6,No
161,49,Female,Divorced,PhD,IT,Data Scientist,1,8,9,11,5133,1,4,2,5,5,4,24,Yes,3,Yes
162,24,Female,Divorced,PhD,Research & Development,Sales Executive,1,12,6,12,13612,22,3,4,1,1,4,1,No,5,Yes
163,39,Female,Single,Master,HR,HR Specialist,2,0,7,1,19849,18,4,2,4,5,3,12,Yes,5,No
164,45,Male,Married,Master,HR,Manager,2,7,0,1,16158,24,1,2,5,1,2,15,No,3,No
165,19,Male,Married,Master,Research & Development,Manager,5,3,3,14,11735,12,1,2,4,3,2,5,Yes,4,No
166,59,Female,Divorced,Bachelor,IT,Data Scientist,2,2,5,6,3689,9,5,5,5,4,1,27,Yes,2,Yes
167,62,Female,Married,Master,Sales,Manager,4,2,2,12,11763,9,5,2,4,1,2,6,Yes,3,No
168,23,Male,Married,Bachelor,IT,HR Specialist,3,12,4,0,9727,18,3,2,5,1,2,16,No,2,Yes
169,45,Female,Divorced,PhD,Sales,Data Scientist,2,7,9,6,9764,18,5,5,4,5,2,27,Yes,4,No
170,45,Female,Single,Master,HR,Sales Executive,2,6,8,13,15003,7,4,3,2,1,4,12,Yes,4,No
171,61,Male,Single,Master,IT,Manager,4,0,2,11,2818,4,5,1,4,2,3,12,No,1,No
172,61,Female,Single,High School,Sales,Developer,1,15,4,13,16439,13,4,5,2,2,4,3,No,0,No
173,37,Female,Divorced,Bachelor,Research & Development,Manager,1,5,7,11,17077,17,5,5,2,3,4,23,No,4,No
174,47,Female,Married,PhD,HR,Sales Executive,5,6,5,13,6521,24,5,2,1,1,3,2,No,4,No
175,28,Male,Divorced,High School,Research & Development,Data Scientist,4,11,3,0,3124,2,5,2,2,5,4,7,Yes,2,Yes
176,45,Male,Divorced,High School,HR,Sales Executive,3,8,7,13,7660,14,2,1,3,5,1,2,Yes,4,Yes
177,42,Male,Married,PhD,IT,Developer,3,10,2,5,7641,3,2,2,2,4,1,21,No,3,No
178,56,Female,Single,High School,IT,HR Specialist,4,9,2,2,19513,5,5,4,4,3,4,7,Yes,1,No
179,50,Female,Single,Bachelor,HR,Manager,3,0,3,7,3702,14,4,2,2,5,2,11,No,1,No
180,18,Male,Divorced,Bachelor,HR,Data Scientist,1,17,8,5,13139,3,3,2,4,4,4,11,No,3,No
181,44,Female,Single,Master,HR,HR Specialist,3,3,4,10,17702,23,1,4,4,5,2,14,No,5,No
182,30,Female,Divorced,High School,IT,Sales Executive,3,4,7,1,8523,7,2,1,3,4,4,3,Yes,4,No
183,58,Female,Divorced,Master,Sales,Data Scientist,4,8,5,7,14397,18,5,4,2,2,1,14,No,6,No
184,20,Female,Married,High School,Research & Development,HR Specialist,4,16,2,4,10111,13,1,5,2,2,2,11,Yes,0,Yes
185,56,Female,Married,Bachelor,Research & Development,Data Scientist,3,2,7,7,4401,23,2,4,5,5,1,4,Yes,4,Yes
186,23,Male,Married,Bachelor,IT,Developer,2,15,8,7,11481,22,3,3,5,3,4,17,Yes,1,Yes
187,25,Female,Divorced,Bachelor,Research & Development,Developer,4,4,7,5,12067,10,4,5,1,1,3,16,No,0,No
188,44,Male,Married,High School,HR,Manager,5,15,3,1,15376,13,5,2,4,3,2,3,Yes,6,No
189,26,Female,Single,Bachelor,Sales,Manager,5,2,5,7,15824,16,3,5,3,3,2,25,No,5,No
190,54,Male,Single,High School,Research & Development,Developer,1,19,0,14,15444,9,2,1,5,1,4,10,Yes,2,No
191,50,Female,Divorced,Master,Sales,Data Scientist,3,14,3,14,14879,2,5,1,2,2,4,21,Yes,2,No
192,59,Male,Divorced,High School,HR,Developer,2,2,7,10,18112,23,1,4,1,2,2,15,Yes,6,Yes
193,61,Female,Married,Master,Research & Development,Manager,1,19,0,5,2539,5,4,5,3,1,3,8,No,4,No
194,41,Male,Divorced,High School,IT,Developer,3,13,2,5,12974,22,2,2,2,4,4,18,No,4,No
195,32,Female,Divorced,Master,Sales,Developer,4,15,0,7,15846,17,4,1,2,3,4,3,No,0,No
196,49,Male,Single,Bachelor,HR,Data Scientist,5,16,8,0,7615,23,5,2,4,5,4,7,No,0,No
197,49,Female,Single,Master,Sales,HR Specialist,2,19,1,1,18016,22,3,3,4,2,3,10,Yes,5,No
198,41,Male,Married,Bachelor,Research & Development,Manager,5,17,8,11,4956,4,4,1,5,5,2,20,Yes,4,No
199,58,Male,Divorced,Bachelor,Research & Development,Data Scientist,4,17,3,11,10077,17,1,4,5,1,1,9,No,1,No
200,29,Female,Divorced,Master,IT,Developer,3,13,1,8,5722,9,2,3,2,5,4,14,No,2,Yes
201,56,Female,Single,High School,HR,Developer,4,17,3,10,14059,20,1,5,2,5,3,23,No,5,Yes
202,19,Male,Divorced,High School,HR,HR Specialist,4,14,9,11,7087,2,4,2,5,3,2,14,No,0,Yes
203,20,Female,Single,PhD,IT,Manager,5,14,5,7,12338,24,3,1,5,1,2,11,Yes,1,Yes
204,54,Male,Married,High School,IT,Manager,2,5,6,11,4170,18,3,3,2,5,3,28,No,4,Yes
205,34,Male,Single,PhD,HR,Sales Executive,4,14,2,6,5391,21,1,3,3,2,4,1,No,3,No
206,19,Male,Divorced,High School,Sales,Manager,5,17,2,6,8942,22,5,1,2,1,1,4,Yes,0,No
207,19,Female,Married,High School,Sales,HR Specialist,2,3,9,4,15806,11,5,5,3,2,4,26,No,5,No
208,45,Male,Single,Bachelor,IT,Sales Executive,3,7,7,1,16792,13,3,5,3,4,2,27,Yes,3,No
209,40,Male,Single,PhD,Sales,Sales Executive,3,14,4,10,14809,8,1,4,2,5,1,6,No,1,Yes
210,54,Female,Married,High School,HR,Developer,1,2,3,5,16855,1,1,5,1,1,4,22,Yes,6,No
211,49,Female,Married,PhD,Research & Development,Developer,5,14,6,9,11108,17,1,4,5,2,1,26,No,2,No
212,50,Female,Single,Bachelor,Research & Development,Manager,2,12,6,2,8458,12,4,3,4,5,3,22,No,6,No
213,18,Female,Divorced,Bachelor,Sales,Sales Executive,4,8,8,3,4756,4,5,1,2,3,4,5,No,6,No
214,36,Male,Single,PhD,IT,Developer,3,1,8,12,8853,21,5,5,3,2,2,3,No,6,No
215,19,Male,Married,Bachelor,IT,HR Specialist,2,7,4,9,9709,13,4,4,2,2,2,2,No,1,No
216,61,Male,Single,Master,IT,Developer,5,19,7,11,14847,9,2,3,5,4,1,3,Yes,2,No
217,43,Male,Married,Master,IT,Developer,1,16,9,10,19352,7,4,5,3,3,3,9,No,1,No
218,49,Female,Married,Bachelor,IT,Sales Executive,3,12,0,1,9297,23,1,2,4,4,4,19,Yes,6,Yes
219,23,Male,Divorced,Master,Sales,Sales Executive,2,0,8,13,18256,24,4,3,4,3,3,19,Yes,0,No
220,49,Male,Married,High School,Research & Development,Data Scientist,2,1,7,1,5203,5,1,5,4,2,3,17,Yes,6,No
221,21,Female,Married,PhD,Research & Development,HR Specialist,2,14,5,11,8499,5,3,3,1,4,1,18,Yes,0,No
222,28,Male,Divorced,High School,Sales,Sales Executive,5,11,2,7,7173,17,1,1,3,5,1,11,No,5,Yes
223,34,Male,Married,PhD,IT,Manager,5,13,2,7,19273,9,5,1,3,3,4,12,No,6,Yes
224,55,Male,Divorced,Bachelor,Sales,HR Specialist,5,1,7,9,13650,6,4,1,1,2,2,3,No,3,Yes
225,41,Male,Divorced,High School,Research & Development,HR Specialist,4,17,4,5,11173,19,1,2,3,1,4,18,No,1,Yes
226,22,Male,Married,Bachelor,HR,Sales Executive,2,6,9,12,9382,16,2,1,1,3,3,24,Yes,6,No
227,51,Male,Married,Bachelor,Sales,HR Specialist,3,5,6,4,2801,21,3,2,2,3,1,6,Yes,1,Yes
228,23,Female,Single,PhD,IT,Sales Executive,5,13,4,7,10234,2,2,1,5,5,3,7,Yes,6,No
229,39,Female,Divorced,PhD,Research & Development,Developer,5,7,7,3,15897,10,2,3,4,3,1,1,No,3,Yes
230,28,Male,Single,PhD,Research & Development,Data Scientist,2,1,9,10,17197,16,2,5,1,3,2,6,No,6,No
231,33,Male,Married,High School,Research & Development,Developer,5,16,9,3,11969,5,3,5,1,5,3,18,No,4,Yes
232,50,Female,Single,Master,Research & Development,Sales Executive,4,4,3,4,5201,15,3,1,1,5,1,13,No,5,No
233,26,Male,Divorced,PhD,IT,Sales Executive,4,13,1,0,18733,13,3,5,2,4,4,22,Yes,1,Yes
234,23,Male,Single,PhD,HR,Developer,5,19,2,0,11972,13,3,1,1,2,4,19,No,5,No
235,33,Male,Divorced,High School,Research & Development,Manager,2,2,7,1,2583,13,2,1,5,2,4,7,No,1,No
236,46,Female,Married,PhD,Sales,Manager,2,4,6,13,14719,15,5,4,5,4,3,19,Yes,1,No
237,20,Male,Married,High School,HR,Manager,2,15,1,7,5377,14,5,4,4,2,1,9,Yes,4,No
238,37,Female,Divorced,Bachelor,Research & Development,Sales Executive,1,17,5,6,16855,8,3,4,2,3,1,3,No,6,No
239,53,Male,Married,PhD,HR,HR Specialist,5,16,8,14,5401,11,4,2,5,4,1,23,No,0,No
240,36,Female,Married,PhD,Sales,Sales Executive,2,10,3,14,15636,18,1,4,3,4,3,12,Yes,5,No
241,43,Female,Married,Bachelor,Research & Development,HR Specialist,4,16,8,9,17738,24,4,1,3,2,1,20,No,3,No
242,20,Male,Married,Bachelor,Sales,Developer,3,15,1,8,8772,4,4,3,3,1,2,24,Yes,5,No
243,36,Female,Divorced,Bachelor,IT,Data Scientist,3,1,1,4,12131,10,4,4,1,2,3,18,Yes,6,No
244,37,Male,Single,PhD,Research & Development,HR Specialist,2,3,8,1,2788,1,5,4,1,1,2,8,No,4,No
245,49,Female,Single,Master,Research & Development,Manager,3,6,6,6,18184,5,1,3,3,4,2,9,Yes,2,No
246,24,Male,Married,Master,Research & Development,Sales Executive,3,1,6,14,4889,13,4,1,4,1,4,13,No,2,No
247,58,Male,Single,Master,Research & Development,Developer,1,5,0,7,11569,1,3,2,4,3,3,8,No,4,No
248,50,Female,Single,PhD,IT,Manager,4,16,5,11,12141,23,5,4,1,5,1,22,No,6,No
249,57,Male,Married,Bachelor,Research & Development,Developer,4,6,6,6,13934,8,3,3,3,1,2,10,No,4,No
250,56,Male,Married,PhD,HR,Data Scientist,1,4,5,13,11769,3,3,1,4,5,3,17,Yes,0,No
251,35,Female,Single,Bachelor,Research & Development,Sales Executive,1,4,5,6,9612,3,4,5,1,3,1,7,No,5,Yes
252,57,Male,Divorced,PhD,IT,Sales Executive,3,19,1,11,18205,7,3,2,3,5,4,17,No,6,No
253,18,Male,Married,PhD,Research & Development,Data Scientist,5,15,5,14,15934,4,1,3,2,3,3,23,Yes,5,No
254,28,Female,Divorced,Bachelor,HR,Sales Executive,3,18,3,13,12095,3,3,3,3,5,3,18,No,2,No
255,45,Female,Single,Master,IT,HR Specialist,1,8,8,4,6240,15,4,3,3,5,3,24,No,6,No
256,42,Male,Married,Bachelor,IT,Developer,4,4,0,1,12748,8,3,4,5,2,1,2,No,3,No
257,40,Male,Divorced,High School,HR,Manager,3,7,7,5,7298,3,5,5,5,1,2,3,No,5,No
258,48,Female,Married,High School,HR,Data Scientist,5,8,4,3,3861,7,5,2,2,5,2,29,Yes,1,No
259,47,Female,Single,Bachelor,HR,HR Specialist,3,4,0,9,16142,18,5,1,2,4,3,28,Yes,1,No
260,59,Male,Divorced,PhD,HR,Manager,2,9,3,1,9320,11,2,1,3,2,3,19,No,0,No
261,52,Female,Single,High School,HR,Manager,3,1,0,11,13367,11,5,5,4,1,1,1,Yes,6,No
262,24,Male,Single,High School,IT,Data Scientist,1,8,5,8,19482,17,5,3,2,2,4,21,Yes,0,Yes
263,33,Male,Married,PhD,IT,HR Specialist,4,10,1,6,7247,6,2,3,3,1,3,21,Yes,6,No
264,43,Male,Divorced,PhD,Research & Development,Manager,4,3,4,5,3734,8,5,3,1,3,3,10,Yes,2,No
265,19,Male,Single,Master,Research & Development,Manager,1,1,6,11,6663,1,4,3,5,5,4,21,No,3,Yes
266,18,Male,Single,PhD,Sales,HR Specialist,2,5,1,4,7909,10,5,3,4,4,3,14,Yes,3,Yes
267,29,Female,Divorced,Bachelor,Research & Development,Sales Executive,1,13,5,2,14818,19,5,5,3,2,2,13,No,4,No
268,22,Female,Single,Bachelor,Research & Development,Manager,3,0,5,11,19064,3,2,4,1,2,3,9,No,0,Yes
269,54,Female,Single,Master,HR,Developer,1,17,4,14,10163,4,4,2,5,2,2,6,Yes,6,No
270,49,Female,Divorced,High School,HR,HR Specialist,1,6,4,14,15358,11,3,3,1,2,1,6,No,5,No
271,26,Male,Divorced,High School,Research & Development,Manager,2,0,2,9,8668,15,1,4,3,5,1,19,Yes,1,Yes
272,58,Male,Divorced,PhD,Sales,Data Scientist,3,0,9,9,15016,1,4,1,2,1,2,21,No,5,No
273,52,Male,Divorced,Bachelor,HR,Developer,5,0,9,3,10001,9,3,5,5,5,2,10,No,1,No
274,36,Male,Married,High School,Research & Development,Manager,5,3,1,2,11921,11,4,4,1,3,4,23,Yes,2,No
275,33,Female,Divorced,Master,Research & Development,Developer,4,3,6,11,4191,19,3,3,2,5,2,3,No,1,No
276,20,Male,Married,Master,IT,Developer,1,17,0,10,10859,13,3,3,4,5,2,18,Yes,5,No
277,37,Male,Married,Bachelor,Sales,Sales Executive,4,10,5,7,10872,16,4,3,3,3,3,21,No,5,No
278,41,Female,Married,Master,IT,Developer,2,0,5,2,6922,4,2,4,3,5,4,19,No,3,No
279,50,Female,Single,Master,Sales,Sales Executive,5,9,2,6,6392,1,4,3,5,1,2,5,Yes,6,No
280,41,Female,Married,Bachelor,HR,HR Specialist,1,8,1,6,15541,20,4,4,1,4,2,25,Yes,3,No
281,28,Female,Married,PhD,Sales,Sales Executive,2,3,1,6,17015,13,3,3,4,3,2,11,Yes,0,Yes
282,25,Male,Single,PhD,Research & Development,Data Scientist,2,5,8,12,5227,1,1,1,5,2,3,10,No,5,No
283,53,Male,Single,Master,Research & Development,Manager,1,15,4,6,4024,5,3,1,5,1,3,17,Yes,6,No
284,55,Female,Single,PhD,Sales,HR Specialist,2,1,6,13,18713,5,5,2,1,4,3,4,Yes,2,Yes
285,57,Male,Divorced,PhD,Sales,HR Specialist,1,17,4,1,4486,14,4,3,4,1,1,26,Yes,1,No
286,37,Male,Single,Master,Sales,Data Scientist,1,9,6,9,3155,23,4,3,1,1,3,21,Yes,0,Yes
287,52,Male,Single,PhD,IT,Sales Executive,3,16,3,2,12082,14,2,4,3,2,2,18,No,4,No
288,42,Female,Married,Master,Sales,Manager,4,12,7,9,6477,8,3,4,2,4,3,28,No,4,No
289,52,Male,Single,High School,HR,Sales Executive,2,17,9,8,9086,4,2,3,3,1,3,18,No,6,No
290,42,Female,Divorced,Bachelor,IT,Developer,2,12,9,2,4317,7,4,2,3,2,4,1,No,1,No
291,46,Male,Single,Bachelor,IT,Sales Executive,3,16,6,1,5621,20,3,3,5,3,2,14,No,1,No
292,35,Male,Divorced,PhD,Sales,HR Specialist,3,4,9,8,6491,19,3,4,3,2,3,8,No,6,Yes
293,63,Male,Single,PhD,HR,Manager,3,10,4,12,17916,15,5,3,4,5,1,2,Yes,1,No
294,35,Female,Single,PhD,IT,Sales Executive,5,6,5,9,17248,22,5,4,3,2,4,19,No,3,No
295,19,Male,Single,Bachelor,Research & Development,Manager,5,9,4,8,4511,4,1,3,4,2,3,15,Yes,1,No
296,52,Female,Single,High School,IT,Manager,5,16,6,3,11546,19,5,5,1,2,4,28,Yes,4,No
297,33,Female,Divorced,High School,Sales,Developer,1,14,1,13,17612,9,3,4,5,1,4,2,Yes,1,No
298,58,Female,Divorced,Bachelor,HR,Developer,2,17,4,11,9848,21,5,2,4,4,1,4,Yes,5,No
299,53,Male,Married,High School,Sales,HR Specialist,4,18,9,8,16274,13,1,5,3,2,1,1,No,6,Yes
300,50,Male,Divorced,Bachelor,Research & Development,Data Scientist,1,1,2,2,19677,14,4,3,5,2,1,19,No,2,No
301,21,Male,Single,High School,Research & Development,Manager,2,3,8,6,4465,23,5,4,5,5,2,21,No,4,Yes
302,50,Male,Married,Master,Research & Development,Data Scientist,2,2,5,6,18304,14,3,5,4,5,4,10,Yes,2,Yes
303,31,Female,Married,Master,Sales,HR Specialist,3,6,9,14,17669,22,4,2,4,3,3,1,No,4,No
304,38,Female,Married,Bachelor,IT,Manager,3,17,2,10,13294,10,3,4,2,3,1,20,No,0,No
305,37,Female,Single,High School,Sales,Manager,1,9,6,7,5175,16,4,5,2,5,1,22,No,5,No
306,25,Male,Divorced,PhD,HR,Data Scientist,3,6,3,9,9849,5,3,5,5,4,4,15,No,4,No
307,24,Female,Single,High School,IT,Sales Executive,2,7,2,14,14473,23,5,5,2,3,4,4,No,5,No
308,20,Male,Married,Master,Research & Development,Developer,3,5,7,3,11425,6,5,1,3,4,4,7,No,4,Yes
309,34,Female,Single,Master,Sales,Sales Executive,5,0,3,2,14222,2,1,3,1,5,3,7,Yes,2,No
310,50,Male,Single,High School,Research & Development,Data Scientist,3,3,0,2,10444,13,4,4,5,3,2,22,Yes,2,No
311,29,Male,Divorced,High School,Research & Development,Developer,2,13,5,14,10210,13,1,4,1,2,2,25,No,6,Yes
312,39,Female,Divorced,PhD,HR,Sales Executive,1,16,9,11,4759,19,2,4,2,5,1,18,Yes,4,Yes
313,39,Female,Married,PhD,IT,Developer,4,19,0,4,18091,18,5,5,4,3,2,13,Yes,4,No
314,63,Female,Single,High School,HR,Manager,3,17,4,10,2002,19,4,3,5,4,3,10,No,3,Yes
315,47,Female,Single,High School,HR,Sales Executive,2,10,6,14,19643,1,1,2,2,4,2,24,Yes,5,Yes
316,55,Male,Divorced,High School,HR,Developer,4,13,5,13,10190,8,1,4,3,3,3,8,No,5,No
317,55,Female,Single,High School,Research & Development,Developer,4,8,1,0,17248,22,2,3,5,4,1,27,Yes,5,No
318,62,Female,Single,Bachelor,HR,Developer,5,14,3,9,7773,16,1,3,5,3,4,10,No,5,Yes
319,25,Female,Single,High School,HR,Sales Executive,4,11,1,2,14786,2,3,1,4,3,3,14,Yes,0,Yes
320,44,Male,Divorced,PhD,IT,HR Specialist,2,9,0,13,17037,8,5,4,5,4,4,14,Yes,0,Yes
321,44,Male,Married,Master,IT,Sales Executive,2,18,2,5,3885,6,1,5,4,1,1,27,Yes,1,No
322,51,Female,Married,Bachelor,HR,Data Scientist,3,18,2,2,9060,16,1,3,2,2,3,20,Yes,4,Yes
323,38,Male,Single,High School,IT,Sales Executive,3,5,6,4,18331,23,2,3,3,5,3,22,No,4,No
324,47,Female,Married,Master,IT,Developer,3,19,0,8,9844,11,3,2,3,2,2,11,Yes,4,No
325,50,Male,Divorced,Bachelor,HR,Manager,4,5,8,1,15450,17,1,1,5,5,3,6,No,4,No
326,45,Male,Divorced,Master,Research & Development,Sales Executive,4,7,5,10,11491,23,5,3,5,5,1,21,No,5,No
327,64,Male,Married,High School,HR,Sales Executive,5,0,3,1,11268,19,5,3,2,2,4,1,Yes,5,Yes
328,50,Male,Married,High School,IT,Developer,3,16,2,11,11139,11,1,5,4,3,3,19,Yes,0,No
329,22,Female,Single,PhD,Research & Development,Manager,1,16,2,5,8791,8,3,5,3,4,1,7,No,2,No
330,36,Female,Married,High School,Sales,Manager,5,14,1,5,9171,22,5,2,4,1,1,24,Yes,3,No
331,21,Female,Single,High School,Research & Development,Data Scientist,1,6,1,10,19253,4,5,2,2,1,3,18,No,5,No
332,52,Male,Single,Bachelor,IT,Sales Executive,4,18,9,10,2093,11,3,2,3,1,2,3,Yes,5,Yes
333,34,Female,Divorced,PhD,Research & Development,Manager,5,2,4,7,4987,8,3,5,3,2,3,20,No,6,No
334,61,Female,Divorced,Bachelor,HR,Manager,5,10,8,11,14847,9,1,5,1,2,3,11,Yes,5,No
335,45,Female,Divorced,Master,Sales,HR Specialist,2,19,1,12,11967,2,4,1,2,3,2,5,Yes,2,Yes
336,47,Male,Divorced,High School,Sales,HR Specialist,4,18,1,10,18218,16,2,4,2,1,1,19,No,2,No
337,46,Male,Married,Master,Sales,Manager,4,8,5,13,12452,6,4,4,1,3,3,21,No,0,Yes
338,63,Male,Divorced,Bachelor,IT,Data Scientist,5,9,9,1,10627,21,4,1,4,1,2,24,No,5,No
339,23,Female,Married,High School,IT,Manager,4,1,1,8,6947,21,5,4,1,2,4,24,Yes,6,Yes
340,52,Female,Divorced,High School,Sales,Developer,5,0,3,14,8651,19,3,5,2,4,4,2,Yes,3,No
341,58,Female,Married,Bachelor,Research & Development,Sales Executive,2,15,5,1,5144,8,5,4,4,4,2,22,Yes,4,No
342,54,Male,Single,Bachelor,Sales,Data Scientist,5,17,4,12,18460,14,2,5,3,4,1,4,Yes,5,Yes
343,41,Male,Married,Bachelor,Research & Development,Developer,4,16,0,0,10959,24,1,1,1,4,2,25,No,0,No
344,46,Female,Married,Bachelor,Research & Development,Data Scientist,4,5,5,9,10297,16,2,2,4,5,1,10,No,0,Yes
345,63,Male,Divorced,Bachelor,IT,Developer,5,13,0,1,8694,12,5,1,4,1,4,2,Yes,3,No
346,48,Male,Married,High School,Research & Development,Sales Executive,5,14,2,11,17835,5,5,4,4,4,3,8,Yes,6,No
347,52,Male,Single,Bachelor,Sales,Sales Executive,5,13,9,6,5346,24,5,5,1,5,2,1,Yes,1,Yes
348,50,Male,Single,High School,IT,HR Specialist,3,2,4,7,13340,24,5,4,3,5,4,27,No,0,No
349,38,Female,Divorced,High School,HR,Developer,4,18,9,4,2244,19,4,4,4,5,3,6,No,2,No
350,49,Male,Single,Bachelor,HR,HR Specialist,4,11,4,5,4625,18,1,2,1,3,4,11,Yes,2,No
351,40,Male,Married,Bachelor,IT,Developer,3,1,9,11,5849,9,4,4,2,3,2,27,No,4,No
352,50,Male,Single,PhD,Sales,HR Specialist,5,2,5,0,11597,2,5,2,1,5,2,28,Yes,0,No
353,20,Male,Divorced,High School,HR,Sales Executive,2,17,9,14,9737,20,3,5,1,4,3,10,Yes,6,No
354,35,Female,Married,Bachelor,HR,Data Scientist,5,0,7,5,16024,12,4,5,1,1,2,13,No,4,No
355,42,Female,Divorced,Bachelor,Research & Development,HR Specialist,5,19,4,11,14000,2,5,2,4,2,4,1,No,0,No
356,59,Male,Married,Bachelor,Research & Development,Developer,3,5,0,14,10333,10,5,1,1,3,3,2,No,3,No
357,48,Male,Single,PhD,Sales,Developer,4,4,4,7,19276,1,1,5,2,4,3,3,No,5,Yes
358,20,Male,Divorced,PhD,IT,Sales Executive,5,0,2,12,9310,4,2,1,4,4,4,9,Yes,6,No
359,57,Male,Divorced,Master,Sales,Developer,4,18,3,2,4399,12,4,5,2,2,1,5,No,0,No
360,63,Male,Married,High School,IT,Manager,1,0,7,10,6640,9,4,5,5,2,3,10,No,6,Yes
361,41,Male,Divorced,Master,HR,Data Scientist,4,15,6,0,12391,4,4,3,1,4,1,10,No,1,No
362,49,Female,Married,Bachelor,Research & Development,HR Specialist,2,11,4,10,19853,9,5,4,4,2,4,12,No,6,Yes
363,64,Male,Married,PhD,Sales,Data Scientist,2,7,1,3,12892,6,1,4,4,4,4,18,Yes,6,No
364,39,Female,Married,PhD,Sales,Sales Executive,5,15,5,0,13197,1,5,1,1,2,3,26,Yes,2,No
365,40,Female,Married,Master,IT,HR Specialist,4,0,5,13,15050,10,5,4,3,2,2,21,No,3,No
366,19,Male,Single,PhD,IT,HR Specialist,5,3,9,7,5374,14,3,1,3,4,3,21,No,5,Yes
367,44,Female,Married,Bachelor,Sales,Manager,3,9,9,4,14911,22,1,5,2,5,2,1,Yes,5,No
368,59,Female,Divorced,PhD,IT,Sales Executive,2,10,5,0,10847,18,4,3,1,4,1,3,Yes,2,Yes
369,19,Female,Single,Master,Sales,Developer,5,16,8,13,16785,6,2,3,1,1,2,5,No,6,No
370,43,Female,Divorced,Bachelor,Sales,Manager,3,6,7,7,12960,18,4,5,5,2,3,25,Yes,5,No
371,34,Female,Single,Master,Sales,Manager,5,11,7,8,15535,20,5,2,3,3,2,26,Yes,4,No
372,57,Female,Married,PhD,HR,Data Scientist,4,6,0,9,10234,16,1,2,3,2,4,17,Yes,3,No
373,50,Male,Single,Master,IT,Data Scientist,4,11,4,1,12503,15,1,4,1,1,1,8,Yes,1,No
374,26,Female,Single,Master,Research & Development,Data Scientist,4,14,6,8,7122,16,1,1,2,3,4,17,No,2,Yes
375,60,Female,Divorced,High School,Research & Development,Manager,4,1,5,7,11852,8,3,3,1,3,4,9,Yes,0,No
376,56,Female,Divorced,PhD,IT,Developer,1,13,4,6,7387,13,4,4,2,4,4,6,Yes,0,No
377,46,Male,Married,PhD,Sales,HR Specialist,3,12,7,2,9631,23,3,5,3,5,4,17,No,0,No
378,59,Female,Single,Master,Research & Development,Data Scientist,3,3,2,1,9226,11,2,3,5,4,2,8,No,3,Yes
379,43,Male,Single,High School,Research & Development,Developer,4,13,5,6,7108,7,5,1,4,3,4,21,No,1,Yes
380,52,Female,Single,PhD,IT,Sales Executive,1,13,4,14,4110,17,3,1,3,3,2,7,Yes,5,Yes
381,42,Male,Married,Bachelor,Research & Development,Data Scientist,4,15,7,4,2957,18,3,2,2,5,4,7,No,1,Yes
382,41,Male,Married,Master,Sales,HR Specialist,1,6,3,5,9146,22,5,4,1,2,3,15,Yes,1,No
383,30,Female,Married,PhD,IT,Sales Executive,4,18,7,3,2560,23,1,5,3,5,4,7,No,2,Yes
384,24,Female,Married,Bachelor,Sales,Sales Executive,2,1,9,1,3312,19,5,3,5,4,3,22,Yes,3,Yes
385,53,Male,Married,PhD,Research & Development,HR Specialist,2,9,1,8,13595,13,4,1,2,2,2,27,No,0,No
386,62,Female,Divorced,Bachelor,Research & Development,Data Scientist,5,17,8,2,7374,15,5,3,1,4,1,8,No,2,No
387,37,Male,Single,Master,Sales,Manager,4,16,8,11,4651,23,1,5,4,5,2,9,Yes,5,No
388,18,Male,Single,PhD,HR,HR Specialist,3,4,9,13,12006,22,5,3,2,2,1,28,No,1,No
389,25,Male,Single,PhD,Research & Development,HR Specialist,5,11,9,6,11933,22,3,4,1,5,1,15,No,6,No
390,63,Male,Single,High School,HR,HR Specialist,2,5,5,13,18172,1,2,2,4,1,4,2,No,0,No
391,33,Male,Single,Master,Research & Development,Sales Executive,4,8,3,7,4877,16,3,3,1,3,1,7,No,3,Yes
392,31,Female,Single,Bachelor,HR,Developer,5,19,3,1,6083,5,2,2,4,2,2,15,No,4,No
393,29,Male,Single,PhD,HR,Manager,4,0,5,13,2745,3,5,5,4,3,4,18,Yes,1,Yes
394,40,Male,Single,PhD,HR,Data Scientist,2,14,4,5,10749,23,4,2,4,1,1,22,Yes,1,No
395,32,Female,Divorced,Bachelor,Sales,Data Scientist,5,5,5,10,19325,10,5,3,1,2,2,18,No,1,Yes
396,45,Male,Single,Master,HR,Developer,2,18,6,7,19323,19,1,3,4,3,1,10,No,1,Yes
397,51,Female,Divorced,High School,HR,HR Specialist,1,17,6,6,19994,5,5,1,2,3,1,22,Yes,0,Yes
398,19,Female,Married,High School,HR,Manager,2,5,8,10,3725,7,2,3,5,2,4,18,Yes,3,Yes
399,49,Female,Single,PhD,Research & Development,Data Scientist,4,12,7,2,14213,14,3,2,5,3,4,1,No,2,No
400,40,Male,Married,Bachelor,HR,Data Scientist,3,0,5,0,11528,3,4,1,4,3,2,7,Yes,0,No
401,39,Male,Married,PhD,Research & Development,HR Specialist,2,12,5,13,16162,13,5,3,5,2,4,3,No,3,No
402,42,Male,Married,Bachelor,HR,Developer,3,6,4,5,10853,13,5,3,5,3,4,14,No,2,No
403,39,Female,Divorced,High School,HR,Manager,1,14,0,7,9187,10,3,5,4,3,3,12,No,1,No
404,39,Male,Married,Master,Sales,Developer,5,11,8,5,2032,2,4,1,4,4,3,14,No,3,No
405,59,Female,Married,Bachelor,Research & Development,Developer,5,0,8,4,16893,6,5,5,2,4,2,29,Yes,1,No
406,23,Male,Married,High School,HR,Manager,3,14,8,10,16408,8,5,5,3,1,4,4,Yes,6,No
407,32,Female,Single,PhD,Research & Development,Manager,5,3,7,11,17160,4,2,5,1,4,2,13,Yes,3,No
408,60,Male,Single,Bachelor,Research & Development,Data Scientist,2,12,9,7,5414,12,2,4,4,4,3,16,No,5,No
409,54,Male,Divorced,Master,IT,Data Scientist,3,4,2,1,19540,15,1,5,4,1,3,16,Yes,4,No
410,50,Male,Divorced,PhD,Sales,Manager,4,1,0,14,14120,8,3,2,5,3,3,22,No,1,No
411,25,Female,Single,PhD,Sales,Sales Executive,2,0,7,11,3543,7,4,3,2,3,2,5,No,1,No
412,61,Female,Divorced,High School,Sales,Data Scientist,2,15,6,14,2271,14,5,4,5,4,4,20,Yes,1,No
413,61,Male,Single,Bachelor,IT,Sales Executive,2,5,4,0,7295,23,5,5,4,1,1,25,No,5,Yes
414,22,Male,Married,PhD,IT,Manager,4,15,9,0,16963,19,1,3,4,3,4,6,No,0,No
415,56,Female,Married,Master,Sales,Data Scientist,1,13,6,14,13580,14,5,1,5,5,2,6,No,2,No
416,21,Female,Divorced,Bachelor,IT,Developer,5,2,9,13,14597,22,3,1,4,2,3,18,Yes,1,No
417,23,Female,Single,Master,IT,Manager,3,14,3,3,14045,13,1,3,3,2,1,6,No,1,No
418,62,Male,Single,PhD,IT,HR Specialist,1,2,8,5,15603,21,3,2,1,2,2,7,Yes,0,No
419,49,Female,Divorced,Master,Sales,Sales Executive,3,1,9,12,11937,1,1,3,1,4,3,24,No,0,No
420,47,Male,Single,High School,Sales,Manager,5,0,1,8,16830,19,5,3,1,2,2,24,Yes,4,No
421,64,Female,Married,Master,Sales,Manager,4,8,8,0,8722,1,1,4,3,2,1,16,No,3,No
422,52,Male,Divorced,Bachelor,IT,Data Scientist,2,8,8,11,10201,4,2,1,4,5,3,9,Yes,1,No
423,57,Female,Divorced,Master,Sales,Data Scientist,2,6,4,0,6144,10,4,1,5,3,4,26,Yes,3,Yes
424,33,Female,Single,Master,IT,Data Scientist,4,2,0,12,7606,3,5,5,2,5,2,27,No,6,No
425,30,Female,Divorced,High School,HR,HR Specialist,1,17,6,12,8766,20,4,3,4,4,1,13,No,0,Yes
426,59,Female,Single,Master,IT,Data Scientist,1,10,9,4,19114,9,5,3,3,2,4,12,No,0,No
427,47,Female,Single,Master,Research & Development,Manager,3,6,9,9,17928,3,4,2,3,3,1,19,No,4,No
428,36,Male,Single,PhD,Sales,Data Scientist,4,8,3,4,3648,6,2,1,1,2,2,26,Yes,2,Yes
429,34,Female,Single,PhD,Sales,Developer,1,0,8,4,4130,6,4,2,4,2,1,23,No,5,No
430,36,Female,Single,Bachelor,Research & Development,Data Scientist,4,13,5,9,16392,23,1,4,1,4,3,23,Yes,5,No
431,45,Female,Divorced,PhD,IT,HR Specialist,5,19,2,5,12588,12,4,5,2,2,1,1,No,5,No
432,43,Male,Married,PhD,HR,Developer,2,5,5,7,6366,23,5,2,1,1,2,8,Yes,0,No
433,54,Female,Married,PhD,Research & Development,Manager,2,6,9,2,3506,1,3,1,2,3,3,4,Yes,1,Yes
434,43,Male,Divorced,PhD,Research & Development,Manager,2,9,5,8,17222,16,4,4,3,3,1,21,Yes,4,Yes
435,40,Female,Divorced,High School,IT,Sales Executive,4,6,4,12,14363,24,4,3,1,1,1,22,No,2,No
436,26,Female,Married,PhD,Sales,Developer,4,1,1,0,13795,5,4,4,1,4,3,19,No,6,No
437,29,Male,Married,High School,IT,Sales Executive,3,3,9,3,11858,9,5,2,5,2,4,21,Yes,5,No
438,18,Female,Married,High School,Research & Development,Developer,2,16,9,8,14616,10,4,1,3,2,4,26,Yes,4,Yes
439,18,Male,Married,PhD,Research & Development,Developer,3,0,1,14,6136,13,5,2,5,3,3,5,Yes,0,Yes
440,64,Male,Married,Master,Sales,HR Specialist,2,9,6,13,15478,15,5,3,2,4,1,17,Yes,5,Yes
441,51,Female,Single,High School,Sales,Sales Executive,3,18,1,7,13161,12,3,3,2,4,4,3,Yes,2,No
442,49,Male,Divorced,Master,Sales,HR Specialist,3,14,5,9,4689,5,1,1,3,4,3,19,No,6,Yes
443,42,Female,Single,Master,IT,Developer,5,9,4,8,4810,5,5,5,2,2,2,1,Yes,3,No
444,57,Female,Married,PhD,Sales,Manager,3,18,3,0,13663,18,2,4,3,4,1,29,No,6,No
445,62,Male,Married,Bachelor,Research & Development,Developer,4,11,6,8,8152,12,4,4,2,1,2,23,No,2,Yes
446,18,Male,Married,PhD,Research & Development,HR Specialist,3,15,7,2,2012,3,2,3,4,5,1,1,No,6,No
447,33,Male,Single,Bachelor,HR,Sales Executive,2,8,3,10,13162,7,4,2,1,4,4,23,Yes,1,Yes
448,56,Male,Single,Bachelor,IT,Sales Executive,3,14,0,11,9999,17,3,2,4,5,2,20,Yes,5,No
449,22,Female,Married,PhD,HR,HR Specialist,1,16,0,9,9219,19,5,5,3,2,2,9,Yes,5,Yes
450,39,Female,Single,PhD,Research & Development,Sales Executive,2,13,0,8,7328,18,1,2,3,4,3,23,Yes,3,No
451,46,Male,Single,Bachelor,HR,Data Scientist,1,17,0,0,5621,1,5,4,4,3,4,5,No,6,No
452,20,Female,Married,PhD,Research & Development,Manager,2,1,4,0,13665,24,4,2,1,2,4,7,No,3,No
453,29,Female,Single,Bachelor,HR,Manager,4,3,3,8,13314,5,1,5,1,1,1,25,No,6,Yes
454,43,Female,Divorced,Master,Sales,Manager,4,17,8,10,2652,2,5,4,5,1,3,26,Yes,5,No
455,33,Female,Divorced,PhD,HR,Sales Executive,4,6,2,13,18182,1,1,2,2,5,3,6,Yes,1,Yes
456,54,Male,Divorced,Master,Sales,Sales Executive,1,12,6,5,10812,7,4,4,5,5,1,17,Yes,6,No
457,39,Male,Divorced,High School,Sales,Developer,5,14,7,3,5790,11,3,3,1,3,2,22,Yes,3,No
458,46,Female,Married,Master,IT,Developer,2,0,5,6,17659,11,3,3,4,3,1,17,Yes,0,No
459,31,Male,Married,Master,Sales,Manager,4,10,9,4,3645,18,5,3,2,1,1,13,Yes,5,No
460,45,Male,Married,Bachelor,Sales,Data Scientist,2,9,0,9,12435,17,2,2,4,4,1,12,No,2,Yes
461,22,Male,Divorced,Master,HR,Developer,1,4,7,13,5688,2,4,5,5,1,3,4,No,2,Yes
462,64,Female,Divorced,PhD,Research & Development,Developer,5,15,9,6,9689,7,5,4,3,1,1,8,Yes,1,No
463,47,Female,Single,Bachelor,IT,Sales Executive,1,10,2,7,3379,7,5,1,4,3,1,5,No,0,No
464,63,Female,Single,High School,Sales,Data Scientist,2,5,7,7,6243,10,3,3,5,5,1,5,No,3,No
465,22,Male,Divorced,PhD,IT,Manager,5,8,3,0,12237,22,1,3,5,3,4,13,No,6,No
466,29,Female,Divorced,High School,HR,Developer,5,12,7,7,18330,21,4,1,5,3,2,26,No,5,No
467,33,Female,Divorced,Master,Sales,Data Scientist,1,7,0,5,7611,3,1,1,3,3,2,11,Yes,2,No
468,43,Male,Divorced,PhD,HR,Data Scientist,4,13,2,3,14516,12,4,2,3,1,2,8,No,2,No
469,43,Female,Single,PhD,IT,Manager,2,0,5,12,15886,3,2,4,3,4,2,8,Yes,2,No
470,38,Female,Divorced,High School,HR,Data Scientist,3,16,8,13,15716,11,3,3,2,1,3,1,Yes,2,No
471,56,Male,Single,PhD,IT,Data Scientist,3,4,1,11,7912,12,2,5,3,2,3,13,No,4,No
472,53,Male,Divorced,PhD,HR,Data Scientist,1,1,0,7,8449,4,5,2,3,3,1,29,Yes,1,No
473,50,Male,Divorced,PhD,IT,Developer,2,8,9,2,3725,16,3,2,3,3,3,5,No,3,No
474,47,Female,Divorced,Master,Research & Development,Manager,2,3,2,12,17870,20,5,5,4,2,2,28,Yes,5,No
475,54,Female,Single,High School,HR,Data Scientist,1,16,3,3,11304,18,2,5,3,3,4,21,Yes,5,No
476,40,Female,Single,PhD,HR,Data Scientist,2,16,4,14,9522,4,4,5,2,3,1,8,No,5,No
477,27,Male,Married,Bachelor,Research & Development,Developer,4,17,2,5,15663,22,5,1,5,3,1,17,No,3,Yes
478,22,Male,Divorced,Bachelor,Research & Development,Manager,1,15,9,10,6784,6,1,3,4,2,2,23,Yes,1,Yes
479,53,Female,Married,Bachelor,HR,Sales Executive,4,7,1,6,11472,21,4,1,1,1,2,23,No,0,No
480,51,Female,Married,Bachelor,Research & Development,Developer,2,10,1,3,19616,15,4,3,3,3,2,13,Yes,6,No
481,48,Male,Single,Master,Sales,Manager,1,17,6,3,12055,1,2,1,5,4,3,9,No,6,No
482,27,Male,Single,PhD,IT,Data Scientist,2,9,8,6,14676,3,2,4,5,2,1,2,Yes,1,No
483,36,Male,Married,High School,IT,Manager,1,12,9,5,9446,5,3,3,4,5,2,19,Yes,2,No
484,49,Male,Divorced,PhD,IT,Manager,2,16,1,12,6725,22,3,2,1,2,4,20,Yes,6,Yes
485,18,Female,Single,Master,Sales,Manager,4,17,6,10,16769,17,1,3,2,1,1,17,Yes,2,Yes
486,22,Male,Divorced,Bachelor,Research & Development,Sales Executive,4,9,6,7,3409,14,4,3,5,2,1,7,Yes,1,Yes
487,62,Female,Divorced,Master,Research & Development,Manager,2,15,6,0,10205,9,1,3,5,5,3,26,No,1,No
488,21,Female,Married,PhD,HR,Sales Executive,1,19,2,9,18365,3,1,4,5,4,1,3,Yes,3,No
489,33,Female,Married,High School,Research & Development,Data Scientist,3,4,6,12,2256,13,2,1,5,5,2,19,No,3,Yes
490,41,Male,Married,Master,HR,Sales Executive,4,12,0,10,17704,3,1,2,4,2,2,19,No,4,Yes
491,33,Male,Married,High School,Sales,Data Scientist,4,17,9,6,19807,11,1,1,1,5,4,24,Yes,5,No
492,19,Male,Single,Master,IT,Data Scientist,3,16,0,11,4990,2,5,1,5,2,1,9,Yes,4,No
493,45,Male,Single,High School,IT,Sales Executive,2,8,4,6,3195,24,3,5,2,4,1,10,No,5,Yes
494,49,Female,Married,High School,IT,Developer,1,13,1,10,3244,15,3,4,2,4,3,29,Yes,2,Yes
495,44,Male,Single,Bachelor,Research & Development,HR Specialist,2,16,8,6,13415,13,4,5,3,1,2,14,Yes,4,Yes
496,37,Male,Married,High School,HR,Manager,5,3,6,6,8766,19,3,4,5,4,4,18,No,4,No
497,41,Female,Divorced,Bachelor,HR,HR Specialist,4,17,3,9,13662,22,4,1,5,3,2,26,No,0,No
498,29,Male,Divorced,PhD,Sales,Manager,5,19,3,13,18210,16,5,1,5,5,1,15,No,1,No
499,52,Female,Divorced,PhD,Research & Development,Manager,4,14,1,9,19690,18,3,4,5,5,1,26,No,3,No
500,50,Female,Married,Bachelor,Sales,Data Scientist,4,10,4,7,12313,7,5,1,5,2,4,1,No,4,No
501,50,Female,Divorced,Bachelor,HR,Manager,5,11,3,8,4402,13,3,1,2,4,1,25,No,3,No
502,60,Female,Single,Master,HR,Manager,5,8,0,8,18880,4,3,2,1,1,4,6,Yes,5,Yes
503,54,Female,Divorced,Master,IT,Sales Executive,2,12,7,1,15275,9,5,5,1,1,4,15,No,4,No
504,29,Female,Divorced,Master,Research & Development,HR Specialist,5,14,2,12,16915,10,1,5,3,1,2,25,No,5,Yes
505,20,Female,Divorced,PhD,HR,Sales Executive,2,14,5,12,2909,9,1,5,2,3,4,6,Yes,4,Yes
506,18,Female,Single,Master,IT,Manager,2,4,3,6,17806,7,1,3,5,4,1,18,Yes,6,Yes
507,50,Male,Married,High School,Research & Development,Data Scientist,2,18,8,6,2372,15,1,2,1,1,3,1,Yes,2,Yes
508,57,Male,Single,High School,Sales,Sales Executive,4,19,6,3,3344,8,3,5,4,3,3,24,Yes,0,No
509,27,Male,Married,Master,Research & Development,Sales Executive,4,13,8,8,10515,19,2,5,4,5,1,3,Yes,5,Yes
510,60,Male,Married,High School,Research & Development,Developer,5,16,9,7,4431,11,5,2,4,2,3,17,Yes,1,Yes
511,61,Female,Divorced,PhD,HR,Manager,4,17,2,11,12585,5,2,1,5,4,3,16,No,1,Yes
512,46,Male,Married,High School,HR,Data Scientist,5,2,0,0,17462,2,2,5,5,4,4,8,Yes,2,No
513,30,Female,Single,PhD,Research & Development,Sales Executive,4,1,4,1,3695,10,4,1,3,5,3,28,Yes,2,No
514,29,Male,Single,Bachelor,HR,Sales Executive,1,0,2,12,3907,16,1,5,3,4,3,17,Yes,6,Yes
515,48,Male,Married,Bachelor,HR,Data Scientist,1,9,5,14,19164,23,3,4,3,4,3,8,Yes,1,No
516,63,Male,Divorced,Bachelor,HR,Manager,5,18,7,12,3019,13,1,3,4,4,2,17,No,5,No
517,19,Female,Divorced,Bachelor,IT,Developer,4,16,3,1,13457,8,1,5,5,4,1,25,Yes,1,No
518,52,Male,Single,High School,IT,Sales Executive,4,11,4,11,3403,9,2,4,4,3,4,9,Yes,0,Yes
519,40,Female,Divorced,Master,Research & Development,Developer,2,0,4,11,19810,11,4,2,3,3,3,12,No,4,Yes
520,34,Female,Married,High School,HR,HR Specialist,3,11,3,10,10855,11,1,4,5,2,1,29,No,0,No
521,43,Male,Married,PhD,IT,Manager,5,16,3,14,7868,23,5,2,2,4,3,25,No,6,No
522,25,Male,Single,High School,Research & Development,HR Specialist,3,2,3,14,12839,16,5,5,1,5,2,19,Yes,6,Yes
523,46,Male,Married,High School,HR,HR Specialist,3,10,3,7,2010,10,1,2,1,1,2,4,No,1,Yes
524,43,Female,Single,PhD,Sales,HR Specialist,5,16,3,14,8330,24,2,4,3,2,3,21,No,4,Yes
525,27,Male,Married,Bachelor,HR,Manager,4,2,4,0,17061,12,2,3,4,1,3,22,No,1,No
526,43,Female,Single,Bachelor,HR,Manager,5,7,1,3,11230,6,3,1,2,1,3,25,Yes,0,Yes
527,51,Female,Divorced,Bachelor,IT,Data Scientist,3,19,1,9,9464,12,4,1,5,4,2,29,Yes,0,No
528,58,Male,Married,Master,Research & Development,Developer,4,3,8,11,16746,10,2,3,4,5,2,11,No,5,Yes
529,24,Male,Married,PhD,Research & Development,Developer,1,6,1,4,5003,18,3,1,3,1,1,28,Yes,5,No
530,21,Female,Single,PhD,IT,Data Scientist,5,13,5,8,9195,18,5,5,4,1,4,4,Yes,0,Yes
531,62,Female,Single,High School,HR,Data Scientist,5,13,1,6,15662,4,5,5,3,2,4,14,Yes,4,No
532,28,Female,Married,Master,Sales,HR Specialist,4,3,4,7,15739,9,5,4,1,5,2,14,Yes,6,No
533,46,Male,Single,Bachelor,HR,Data Scientist,1,15,3,13,17588,7,1,4,1,5,4,6,Yes,5,Yes
534,53,Female,Married,Master,HR,Sales Executive,1,0,6,10,3789,18,4,2,4,1,3,29,No,5,No
535,42,Male,Divorced,PhD,Sales,Developer,4,16,6,8,9598,8,3,4,2,5,1,17,No,3,No
536,38,Female,Single,PhD,IT,Data Scientist,2,9,5,12,6838,11,4,5,5,2,2,2,No,3,No
537,53,Female,Married,High School,Research & Development,Sales Executive,5,15,9,6,7872,7,1,4,3,2,2,8,No,5,Yes
538,27,Male,Divorced,High School,IT,Sales Executive,5,15,4,4,13367,9,3,1,5,2,4,4,Yes,1,No
539,54,Female,Divorced,PhD,IT,Sales Executive,3,7,0,12,6299,8,3,2,1,4,3,10,No,4,No
540,26,Male,Married,Bachelor,HR,Sales Executive,4,6,2,14,19357,3,2,2,2,1,1,7,No,2,Yes
541,41,Male,Single,Bachelor,Research & Development,HR Specialist,3,5,8,4,9083,17,4,5,2,5,4,4,Yes,5,No
542,52,Female,Married,Master,Research & Development,Sales Executive,3,15,0,9,7494,2,4,4,5,2,2,16,Yes,3,No
543,52,Male,Divorced,PhD,IT,HR Specialist,1,19,4,10,13317,15,2,1,1,1,2,14,Yes,4,No
544,53,Male,Married,PhD,Sales,HR Specialist,5,15,1,5,5129,14,5,4,5,1,4,16,Yes,4,No
545,35,Female,Single,Bachelor,IT,Sales Executive,3,6,3,4,2104,18,1,3,4,4,3,25,No,3,No
546,56,Male,Divorced,Bachelor,Sales,Developer,1,8,0,12,9433,16,4,4,2,5,1,9,Yes,4,No
547,49,Male,Married,PhD,Research & Development,Sales Executive,4,13,2,11,9689,20,2,5,2,5,1,4,Yes,4,Yes
548,41,Male,Single,High School,IT,Sales Executive,3,10,9,10,5567,22,3,4,4,2,1,29,Yes,3,No
549,40,Female,Divorced,PhD,HR,Sales Executive,5,13,6,8,19565,4,2,2,1,2,1,24,Yes,0,Yes
550,49,Male,Single,PhD,IT,Developer,3,6,9,2,6644,20,5,1,2,1,3,6,Yes,5,No
551,54,Female,Divorced,Bachelor,Research & Development,Manager,4,0,2,2,16966,6,1,5,3,5,2,1,Yes,1,No
552,29,Female,Married,Bachelor,HR,Manager,3,12,3,14,13330,6,5,3,3,5,2,7,No,2,No
553,30,Male,Single,High School,HR,HR Specialist,5,19,1,6,6394,11,3,1,1,2,1,1,No,1,No
554,40,Male,Divorced,High School,Sales,HR Specialist,1,2,2,6,5534,17,3,1,4,3,1,19,No,0,No
555,42,Male,Single,Master,HR,Developer,5,19,8,5,14388,24,3,2,5,1,1,8,Yes,6,No
556,52,Female,Single,PhD,HR,Data Scientist,1,3,2,2,13319,3,3,2,1,5,4,25,Yes,0,No
557,58,Male,Married,Bachelor,IT,Manager,2,10,4,13,8475,13,2,2,5,4,4,3,No,4,Yes
558,47,Male,Single,High School,Research & Development,HR Specialist,5,1,1,12,16728,22,3,5,1,4,2,1,No,1,No
559,34,Male,Divorced,Master,Sales,Manager,5,13,3,6,14006,3,3,4,3,3,2,1,No,0,No
560,37,Male,Divorced,Master,IT,Developer,4,11,6,4,18150,16,2,1,4,2,1,7,No,1,No
561,42,Male,Divorced,Bachelor,HR,Developer,3,16,6,6,2446,15,3,4,3,2,4,21,Yes,0,No
562,39,Female,Divorced,Bachelor,HR,Data Scientist,1,11,2,1,2108,11,5,4,4,2,3,13,No,2,No
563,30,Female,Married,Master,Sales,Data Scientist,1,11,4,5,5239,18,5,2,5,4,4,1,Yes,0,No
564,36,Male,Single,High School,Research & Development,Developer,4,0,0,13,7931,15,4,4,1,2,2,16,Yes,1,No
565,53,Male,Married,Master,Sales,HR Specialist,4,12,9,7,6053,5,5,1,2,4,4,22,Yes,4,No
566,29,Male,Single,PhD,IT,Manager,3,13,9,0,15746,16,1,1,2,3,2,22,No,1,No
567,58,Male,Single,PhD,Sales,Sales Executive,3,1,9,3,3245,16,1,3,4,1,1,14,No,3,Yes
568,36,Female,Single,Bachelor,HR,Data Scientist,5,11,0,10,15839,17,1,5,4,5,3,4,No,1,No
569,29,Male,Married,High School,IT,Sales Executive,2,15,4,0,14856,9,2,4,3,3,1,23,Yes,2,No
570,26,Female,Single,High School,HR,HR Specialist,3,3,9,13,7105,23,5,5,2,4,1,23,Yes,5,Yes
571,24,Female,Married,PhD,Research & Development,Data Scientist,4,7,8,0,4922,3,1,5,3,3,3,12,No,2,Yes
572,45,Male,Divorced,Master,HR,Sales Executive,3,1,0,9,4513,20,4,5,5,5,3,25,Yes,2,No
573,31,Female,Divorced,Bachelor,HR,HR Specialist,1,9,0,11,4801,13,2,5,2,1,3,12,No,0,Yes
574,48,Female,Single,Master,Sales,Manager,2,8,3,13,15895,22,4,1,5,5,2,17,Yes,2,No
575,36,Female,Married,Master,HR,HR Specialist,5,14,3,13,8981,3,5,4,1,4,1,21,Yes,1,No
576,64,Female,Divorced,Master,IT,Data Scientist,1,12,1,10,10221,7,3,3,3,5,2,15,Yes,5,No
577,33,Male,Married,High School,IT,Developer,1,16,8,7,8038,6,4,5,4,3,3,10,Yes,6,No
578,22,Male,Married,PhD,Research & Development,Manager,2,15,8,6,17082,9,3,3,2,2,2,3,Yes,4,No
579,52,Female,Single,High School,IT,Sales Executive,5,1,1,11,16648,12,2,1,3,3,3,23,Yes,6,Yes
580,29,Male,Divorced,PhD,Sales,Data Scientist,4,19,8,9,2364,15,4,1,4,4,4,20,Yes,2,Yes
581,42,Male,Single,Bachelor,Research & Development,Developer,5,19,5,12,3800,21,4,2,1,1,3,20,No,1,No
582,38,Male,Single,Bachelor,IT,HR Specialist,3,13,7,0,16110,20,2,5,2,5,1,29,Yes,0,No
583,53,Male,Divorced,Master,Sales,Developer,1,2,9,10,7958,3,2,2,5,1,1,12,Yes,0,Yes
584,40,Male,Divorced,PhD,IT,Data Scientist,3,11,3,13,11096,10,1,3,1,4,1,1,No,4,Yes
585,33,Female,Married,PhD,IT,Data Scientist,4,7,1,12,9436,1,5,4,4,5,2,1,No,4,Yes
586,56,Male,Divorced,PhD,HR,Developer,3,1,1,1,14638,19,4,2,2,3,1,10,No,1,No
587,62,Male,Married,Master,IT,HR Specialist,5,3,8,3,2179,19,4,1,2,3,3,18,No,4,Yes
588,59,Male,Married,Master,IT,Developer,3,13,0,0,5873,23,2,5,1,4,4,15,Yes,4,No
589,56,Male,Married,Bachelor,Sales,Data Scientist,4,15,6,2,19570,23,2,3,2,5,1,2,Yes,0,No
590,31,Female,Divorced,High School,Sales,Data Scientist,4,18,2,7,17455,13,5,1,4,3,2,17,No,1,No
591,48,Female,Single,PhD,HR,Sales Executive,4,1,2,7,19157,12,2,4,1,4,4,8,Yes,5,Yes
592,22,Female,Married,PhD,IT,Sales Executive,5,11,1,7,14797,1,3,5,5,4,1,22,No,4,No
593,52,Female,Single,High School,HR,Manager,4,13,9,5,6460,19,3,4,1,1,1,22,Yes,1,No
594,40,Male,Single,PhD,IT,Data Scientist,1,5,5,5,17316,24,3,4,1,3,4,26,Yes,2,No
595,46,Female,Divorced,Master,Research & Development,Sales Executive,4,12,9,4,2352,16,3,5,5,5,1,26,Yes,0,No
596,60,Male,Single,Master,Research & Development,Developer,3,3,1,12,7344,23,5,5,4,3,2,9,Yes,5,Yes
597,28,Male,Single,PhD,HR,HR Specialist,3,17,9,8,6507,23,4,4,3,3,3,21,Yes,0,No
598,35,Male,Divorced,Master,HR,Developer,3,11,3,3,6830,15,3,3,3,3,3,20,No,0,No
599,64,Male,Married,Master,HR,HR Specialist,5,19,9,9,13220,16,2,5,5,4,4,11,Yes,3,Yes
600,29,Male,Single,PhD,Sales,Sales Executive,3,18,8,14,2117,11,3,1,4,2,3,6,Yes,1,No
601,26,Female,Divorced,Bachelor,Sales,Manager,5,7,8,11,18865,24,5,2,2,2,1,24,Yes,2,Yes
602,27,Female,Single,High School,Sales,Developer,5,6,5,11,6287,6,2,3,5,1,1,14,Yes,4,No
603,61,Female,Single,Master,HR,Developer,4,15,3,11,6477,11,3,5,3,3,2,1,Yes,2,Yes
604,34,Female,Married,Bachelor,IT,Developer,1,18,6,6,8533,3,4,5,4,2,3,7,No,1,Yes
605,55,Male,Single,Master,Research & Development,HR Specialist,4,5,0,0,18627,15,2,3,1,1,4,24,Yes,0,No
606,24,Female,Divorced,Master,HR,Sales Executive,4,19,3,14,14755,1,2,2,4,4,1,9,No,3,Yes
607,63,Male,Single,High School,Sales,Developer,5,10,4,8,2865,7,4,4,4,3,4,11,Yes,1,No
608,30,Female,Married,Master,Sales,Developer,5,4,7,6,13173,1,2,1,3,5,1,24,Yes,5,No
609,57,Male,Married,High School,HR,Manager,3,15,1,9,7329,17,3,5,3,4,1,23,No,5,No
610,59,Male,Divorced,High School,HR,Manager,3,6,4,11,2603,9,2,2,2,1,2,16,Yes,1,Yes
611,26,Female,Married,High School,Sales,Sales Executive,4,4,5,8,7756,23,3,1,2,4,3,19,Yes,4,Yes
612,44,Male,Single,Bachelor,IT,Sales Executive,2,10,4,6,13254,13,4,3,5,5,2,2,No,2,No
613,19,Male,Married,PhD,Sales,Data Scientist,2,14,8,1,6018,11,1,5,1,4,3,15,Yes,2,Yes
614,22,Female,Divorced,Bachelor,Sales,Manager,3,2,9,14,7192,20,4,4,2,1,4,3,No,4,No
615,46,Male,Married,PhD,HR,Data Scientist,2,4,0,5,4015,6,3,3,3,5,3,4,No,3,No
616,54,Female,Married,PhD,IT,HR Specialist,3,4,2,9,11850,1,5,5,4,5,4,20,No,0,Yes
617,55,Female,Married,High School,Sales,Data Scientist,5,8,1,11,5380,7,4,2,5,4,1,22,Yes,6,No
618,36,Female,Divorced,Master,Sales,Developer,4,14,2,10,5770,12,5,1,2,5,4,28,Yes,6,No
619,25,Male,Married,High School,Research & Development,Data Scientist,1,2,9,3,7829,22,5,1,4,4,4,7,No,0,No
620,62,Male,Married,Master,HR,Sales Executive,4,5,8,2,3613,20,3,5,4,3,1,12,Yes,5,No
621,18,Male,Single,PhD,Research & Development,HR Specialist,3,16,8,1,15147,23,3,3,2,5,4,4,No,3,No
622,39,Female,Divorced,High School,Research & Development,Developer,3,7,9,5,17545,19,1,4,1,4,4,10,Yes,4,Yes
623,34,Male,Married,Master,Sales,Data Scientist,4,10,1,7,7372,17,2,2,1,3,1,6,No,6,No
624,24,Female,Divorced,Bachelor,HR,HR Specialist,3,5,2,5,12538,4,4,5,5,5,1,25,Yes,1,No
625,42,Female,Married,Master,IT,HR Specialist,2,7,3,8,2148,3,3,2,1,3,1,22,No,2,No
626,62,Male,Married,High School,Sales,Developer,2,9,8,13,3754,1,4,1,5,5,3,14,Yes,1,Yes
627,21,Female,Married,Bachelor,IT,Data Scientist,3,2,2,4,9378,18,5,4,3,1,1,3,No,2,No
628,53,Male,Single,Master,IT,HR Specialist,3,13,6,1,15591,21,2,2,2,1,1,17,Yes,1,No
629,23,Male,Single,Master,HR,HR Specialist,2,13,2,7,11371,15,1,5,4,4,4,11,No,4,No
630,48,Male,Single,Master,Research & Development,Manager,3,9,6,8,14779,8,4,4,5,2,2,10,Yes,4,Yes
631,36,Male,Divorced,Master,HR,HR Specialist,3,11,6,13,11795,1,2,3,1,1,2,26,Yes,3,Yes
632,61,Male,Divorced,Master,IT,Manager,4,5,8,9,7692,20,1,5,5,2,3,29,No,1,Yes
633,56,Female,Single,Bachelor,Sales,Data Scientist,1,11,1,3,6218,14,4,2,5,3,3,21,Yes,1,No
634,44,Female,Divorced,PhD,IT,Data Scientist,2,13,5,5,6803,4,2,4,1,3,2,10,Yes,3,No
635,27,Female,Married,Bachelor,Sales,Data Scientist,4,1,8,14,13672,5,3,5,1,2,2,10,Yes,3,No
636,43,Male,Married,Bachelor,Sales,Sales Executive,1,8,1,10,5182,23,4,4,2,4,1,3,Yes,4,Yes
637,36,Male,Married,Bachelor,HR,Data Scientist,3,9,1,9,13009,13,2,4,4,5,4,24,No,4,Yes
638,56,Male,Single,PhD,IT,HR Specialist,3,16,4,7,16328,24,1,4,2,2,1,26,Yes,5,No
639,20,Female,Divorced,High School,Research & Development,Developer,4,16,9,8,4586,15,2,2,2,2,3,15,Yes,1,Yes
640,62,Male,Single,PhD,IT,Manager,3,2,9,11,4648,6,3,5,1,2,2,17,No,4,Yes
641,30,Female,Divorced,Bachelor,IT,Sales Executive,5,18,9,4,9313,1,4,1,1,2,3,27,Yes,6,No
642,45,Female,Married,Master,Research & Development,Data Scientist,4,0,7,11,14544,23,4,1,4,2,1,18,No,4,Yes
643,37,Male,Single,Master,HR,Data Scientist,1,11,8,5,9407,19,4,2,5,4,3,19,Yes,1,No
644,45,Male,Divorced,Bachelor,IT,Developer,4,6,1,10,19254,13,3,2,2,1,3,19,No,3,No
645,25,Female,Divorced,Master,IT,Developer,2,3,4,3,17234,6,1,4,4,5,4,12,Yes,1,No
646,58,Male,Married,Bachelor,Sales,Sales Executive,4,9,6,4,17012,15,4,5,2,1,3,24,No,6,No
647,56,Female,Single,Master,IT,Manager,3,12,5,6,11735,16,1,5,5,2,1,5,No,0,No
648,18,Male,Single,PhD,Research & Development,Data Scientist,3,1,5,8,15425,24,2,3,2,1,4,24,No,1,No
649,20,Male,Single,High School,Sales,Sales Executive,5,9,6,9,17698,23,1,3,3,4,3,27,Yes,0,No
650,30,Female,Married,High School,HR,HR Specialist,5,3,2,10,17321,16,1,1,4,3,1,16,No,1,Yes
651,45,Male,Single,PhD,Sales,HR Specialist,5,17,2,12,14646,10,4,3,1,1,2,15,Yes,6,No
652,42,Female,Married,PhD,Research & Development,Sales Executive,1,4,9,5,6893,22,5,3,2,5,4,15,No,0,No
653,50,Male,Married,Bachelor,Research & Development,Data Scientist,5,18,8,13,11476,9,5,1,4,4,3,27,No,0,No
654,55,Female,Married,Bachelor,Sales,Sales Executive,1,1,7,5,19270,9,3,1,4,3,3,6,No,6,No
655,23,Female,Divorced,Bachelor,HR,Data Scientist,5,11,4,7,6382,17,3,3,2,4,4,12,Yes,1,No
656,61,Male,Single,Master,Sales,Developer,1,16,5,10,3785,17,5,5,1,2,1,2,Yes,5,No
657,62,Female,Single,Bachelor,HR,Sales Executive,4,9,9,3,15030,17,2,3,1,3,3,27,No,4,No
658,49,Male,Married,PhD,Sales,Data Scientist,4,1,0,2,13735,24,4,4,2,5,1,20,No,2,No
659,62,Male,Married,High School,Research & Development,Sales Executive,3,5,9,13,18679,12,4,4,4,3,4,9,No,4,No
660,64,Male,Single,Master,IT,Sales Executive,1,7,0,6,12245,13,2,4,1,5,3,4,No,0,Yes
661,38,Female,Married,Bachelor,IT,Data Scientist,2,18,3,4,4597,12,2,2,2,2,2,5,No,1,No
662,33,Female,Single,Master,HR,Data Scientist,3,10,1,1,19064,14,5,4,2,5,2,21,No,1,No
663,38,Male,Divorced,Master,HR,Manager,4,11,6,1,2324,10,3,5,2,4,2,26,No,1,Yes
664,28,Male,Married,Bachelor,HR,Sales Executive,1,8,1,10,17160,23,2,2,4,1,4,8,No,1,Yes
665,54,Female,Single,Master,Research & Development,HR Specialist,5,1,9,5,14614,19,3,2,1,4,3,22,Yes,5,Yes
666,53,Male,Married,High School,Sales,Sales Executive,2,7,1,7,2986,2,1,4,4,4,4,10,No,2,No
667,52,Male,Single,PhD,Research & Development,Sales Executive,4,10,4,0,2760,4,4,3,3,3,3,7,Yes,3,No
668,36,Female,Single,PhD,IT,Data Scientist,3,3,3,14,13885,19,5,1,1,2,2,22,No,0,No
669,37,Male,Married,High School,HR,Sales Executive,1,9,7,10,11228,7,4,3,4,1,2,14,Yes,2,Yes
670,35,Female,Divorced,Master,Sales,Sales Executive,2,19,3,5,19290,15,5,3,1,5,1,5,Yes,4,Yes
671,64,Male,Single,Bachelor,IT,HR Specialist,1,15,5,11,7499,15,1,2,3,3,4,16,No,3,Yes
672,58,Female,Single,Master,IT,Data Scientist,5,7,4,1,2364,24,4,2,5,2,4,15,Yes,3,No
673,31,Male,Single,High School,IT,Sales Executive,3,3,1,1,10027,6,1,2,2,1,1,5,Yes,1,Yes
674,32,Male,Divorced,Master,Research & Development,Developer,1,9,7,6,15532,3,5,5,4,4,2,3,No,2,No
675,48,Female,Divorced,PhD,HR,Manager,4,11,1,9,16408,6,2,5,3,2,2,23,No,4,No
676,18,Male,Married,Master,IT,HR Specialist,3,13,8,0,18105,16,4,1,3,2,4,29,No,1,No
677,20,Female,Divorced,High School,HR,Sales Executive,4,15,8,5,9939,2,1,2,1,2,3,10,Yes,1,No
678,33,Male,Married,PhD,Research & Development,Developer,1,17,2,13,15936,7,4,4,1,4,2,5,No,6,Yes
679,40,Female,Married,Master,IT,Sales Executive,3,11,3,6,11261,11,4,2,2,5,1,23,Yes,6,No
680,28,Female,Divorced,Master,Research & Development,Sales Executive,4,17,7,13,17863,7,4,5,1,3,1,15,No,6,Yes
681,29,Female,Married,PhD,Research & Development,Data Scientist,5,6,8,7,14561,4,3,2,4,5,1,18,No,5,No
682,27,Female,Divorced,Bachelor,HR,Data Scientist,5,19,2,6,12447,24,1,5,4,1,4,25,Yes,0,No
683,49,Male,Married,PhD,IT,Data Scientist,1,6,4,5,16172,20,1,2,4,3,4,8,Yes,3,Yes
684,33,Male,Divorced,Bachelor,Research & Development,Developer,3,8,7,8,13878,7,4,4,5,1,4,21,Yes,4,Yes
685,25,Female,Divorced,High School,IT,Sales Executive,2,0,2,12,14411,4,2,1,4,4,4,2,No,3,No
686,55,Female,Married,High School,HR,Manager,3,5,6,2,7448,12,4,4,1,5,1,22,No,2,No
687,29,Female,Single,PhD,Research & Development,HR Specialist,5,5,7,10,4107,5,3,5,1,2,1,8,No,0,No
688,41,Male,Married,PhD,HR,Data Scientist,4,11,9,5,9928,23,5,3,4,3,4,23,Yes,1,No
689,45,Male,Divorced,High School,IT,Data Scientist,2,11,2,3,17234,19,3,4,3,2,4,8,Yes,0,No
690,25,Male,Single,Bachelor,IT,Sales Executive,1,9,1,1,18310,5,2,2,3,1,1,4,Yes,1,Yes
691,45,Male,Married,High School,HR,Sales Executive,2,5,9,0,15528,19,4,1,3,2,4,19,Yes,6,No
692,53,Female,Married,PhD,Sales,Developer,1,16,6,11,15313,21,1,2,2,2,4,23,No,0,Yes
693,43,Female,Married,High School,Research & Development,Developer,2,18,8,11,3559,3,4,2,5,4,4,18,Yes,1,Yes
694,25,Female,Single,PhD,IT,Data Scientist,1,17,0,13,17167,11,2,4,4,4,4,21,Yes,3,Yes
695,45,Male,Divorced,PhD,IT,Sales Executive,1,5,2,0,17343,7,1,1,2,5,2,29,No,6,Yes
696,45,Male,Married,High School,Research & Development,Manager,2,18,4,10,7830,17,3,3,3,1,4,23,No,6,No
697,54,Male,Married,Bachelor,HR,HR Specialist,2,9,2,9,9523,9,5,2,4,4,1,1,Yes,6,Yes
698,58,Female,Married,Master,HR,Sales Executive,1,7,0,2,19009,21,5,1,2,4,1,20,Yes,3,No
699,53,Female,Married,High School,HR,Sales Executive,5,5,6,3,17524,9,4,3,1,5,1,15,Yes,3,No
700,44,Male,Married,Master,Sales,Developer,2,6,6,1,15285,10,3,2,3,3,1,18,Yes,3,No
701,34,Female,Divorced,High School,Sales,HR Specialist,3,0,9,12,12973,13,2,1,2,5,4,22,Yes,6,No
702,26,Male,Divorced,Master,IT,Data Scientist,4,17,7,11,5006,15,5,4,1,2,2,12,Yes,0,No
703,50,Male,Married,Bachelor,HR,Sales Executive,1,19,4,10,6302,22,3,2,3,2,3,1,No,1,No
704,37,Female,Single,Bachelor,Research & Development,Data Scientist,1,11,9,10,19472,5,4,2,5,4,3,7,No,3,No
705,30,Male,Divorced,High School,IT,Sales Executive,4,15,4,13,6611,3,1,1,3,4,3,19,No,0,No
706,45,Female,Single,PhD,Research & Development,Data Scientist,5,9,4,10,11372,8,4,2,5,5,3,28,No,1,No
707,46,Male,Divorced,Master,IT,HR Specialist,4,9,0,0,16080,20,4,3,5,5,1,1,Yes,6,No
708,30,Female,Married,PhD,Sales,Developer,2,13,9,3,17082,10,3,2,5,1,4,24,Yes,0,No
709,63,Female,Divorced,PhD,IT,HR Specialist,4,19,4,14,16641,13,5,5,4,2,4,7,Yes,6,Yes
710,52,Female,Married,PhD,Sales,Manager,1,9,5,6,12093,3,3,3,4,5,3,2,Yes,5,No
711,23,Male,Divorced,Bachelor,IT,Developer,4,9,0,9,10378,22,1,1,5,3,3,7,No,3,Yes
712,35,Male,Married,High School,HR,HR Specialist,3,10,6,10,3597,8,3,3,1,1,2,19,Yes,2,Yes
713,22,Female,Married,High School,Research & Development,Manager,2,1,0,5,13600,9,2,5,5,5,2,13,Yes,0,No
714,64,Female,Married,Bachelor,HR,Sales Executive,4,19,1,5,5747,22,4,5,2,4,2,25,Yes,3,No
715,42,Male,Married,Bachelor,IT,Sales Executive,1,7,1,10,15879,21,5,2,5,5,1,24,Yes,4,No
716,19,Male,Single,High School,IT,Data Scientist,2,6,4,8,15017,12,1,2,4,4,4,5,No,1,Yes
717,27,Male,Married,PhD,IT,Developer,1,7,9,13,9432,11,4,4,4,4,1,23,Yes,5,Yes
718,47,Female,Single,Master,Sales,Sales Executive,5,0,6,14,6725,2,3,3,2,2,1,19,No,3,No
719,62,Male,Single,Master,Research & Development,Developer,3,1,0,1,12437,18,2,4,2,2,4,1,Yes,4,Yes
720,22,Male,Married,Master,Research & Development,Sales Executive,5,17,9,3,15269,9,3,5,3,5,2,1,Yes,0,No
721,50,Female,Single,PhD,IT,Data Scientist,3,14,0,4,15092,2,4,2,1,5,4,27,Yes,0,No
722,18,Male,Divorced,High School,IT,HR Specialist,4,0,0,0,9002,2,1,2,1,3,3,18,No,4,No
723,35,Male,Married,Bachelor,Sales,Data Scientist,2,4,5,7,8131,3,5,2,1,1,2,24,Yes,5,Yes
724,49,Male,Single,High School,HR,Manager,4,1,1,7,15261,16,4,1,4,1,4,1,Yes,4,Yes
725,64,Female,Married,PhD,HR,Sales Executive,3,19,0,5,14612,19,1,5,1,5,1,27,Yes,1,Yes
726,28,Female,Married,Bachelor,Research & Development,Manager,3,2,5,11,6537,4,4,2,3,2,4,28,No,0,No
727,38,Female,Married,PhD,Sales,Manager,3,18,1,4,15091,23,2,5,3,3,2,5,No,4,No
728,43,Female,Single,Master,IT,Developer,1,17,5,7,4335,18,3,2,1,1,3,9,Yes,2,Yes
729,42,Female,Divorced,Master,Research & Development,Sales Executive,2,17,9,2,6321,20,5,3,2,5,1,12,No,2,No
730,39,Female,Divorced,PhD,Sales,Manager,4,13,7,2,15254,18,1,5,3,2,3,9,Yes,4,No
731,44,Female,Single,Bachelor,HR,HR Specialist,4,7,1,1,2559,10,5,4,2,2,3,18,Yes,1,No
732,30,Male,Married,Bachelor,Sales,Manager,5,11,8,4,2713,11,5,1,4,2,1,23,No,0,No
733,50,Male,Single,High School,HR,HR Specialist,3,9,7,2,6593,17,5,4,3,4,4,11,Yes,2,No
734,51,Female,Single,Master,Sales,Developer,3,19,9,2,17184,24,1,5,2,2,4,1,Yes,4,Yes
735,58,Male,Single,High School,Research & Development,Manager,3,16,0,14,17261,23,1,2,1,5,3,19,No,6,No
736,52,Male,Married,High School,HR,Data Scientist,4,10,6,5,2256,24,5,5,4,3,4,22,No,4,No
737,18,Female,Single,PhD,Research & Development,Developer,5,1,9,7,16574,20,3,1,5,5,2,25,No,3,No
738,38,Male,Married,PhD,Research & Development,HR Specialist,1,3,5,1,2037,16,4,5,5,2,3,10,No,4,No
739,23,Male,Single,High School,HR,Developer,2,0,5,3,12264,20,5,2,1,3,3,2,Yes,1,No
740,45,Male,Divorced,Master,HR,Manager,1,14,5,10,14697,13,2,4,4,1,3,7,Yes,2,No
741,34,Male,Single,PhD,IT,Sales Executive,4,12,5,6,10652,2,5,3,4,1,2,20,Yes,3,No
742,22,Male,Single,High School,IT,Sales Executive,3,7,9,0,17930,24,1,4,4,5,3,2,Yes,2,No
743,48,Female,Divorced,High School,IT,HR Specialist,2,3,6,0,3832,2,4,2,4,3,4,19,Yes,2,Yes
744,22,Female,Married,High School,Research & Development,HR Specialist,4,9,2,11,17517,14,2,2,5,5,4,6,Yes,1,No
745,55,Female,Married,High School,Research & Development,Sales Executive,4,18,5,12,7167,4,4,1,2,3,4,10,Yes,4,No
746,20,Male,Single,High School,IT,HR Specialist,4,17,2,9,2432,17,4,5,4,3,4,9,Yes,1,No
747,40,Female,Divorced,High School,Research & Development,Developer,2,4,6,6,6151,13,2,5,2,5,3,8,No,4,Yes
748,54,Male,Married,PhD,Research & Development,Data Scientist,2,18,6,13,16912,4,5,4,4,3,2,26,Yes,3,No
749,54,Male,Single,Master,HR,Data Scientist,5,15,7,6,8411,3,5,3,3,2,1,11,Yes,1,No
750,27,Male,Divorced,High School,HR,Developer,5,0,1,0,2256,12,5,3,3,3,4,9,Yes,1,No
751,27,Male,Married,Bachelor,Research & Development,Data Scientist,1,11,8,0,2671,22,3,1,3,3,1,20,Yes,6,Yes
752,36,Female,Married,PhD,IT,Manager,2,1,4,3,2489,23,5,2,4,5,1,28,Yes,5,No
753,34,Female,Divorced,PhD,Sales,Developer,2,7,8,4,8889,8,2,1,2,1,3,20,No,0,Yes
754,38,Male,Divorced,High School,IT,HR Specialist,2,17,9,4,13906,2,3,5,5,4,4,9,No,1,No
755,31,Female,Divorced,PhD,Sales,Developer,5,15,4,3,14603,6,5,2,1,3,4,8,No,5,No
756,26,Male,Divorced,High School,IT,Sales Executive,4,4,6,7,4460,22,3,1,5,4,4,28,Yes,0,No
757,63,Female,Single,Master,HR,HR Specialist,3,12,8,6,6529,10,2,4,4,3,1,15,Yes,6,No
758,18,Female,Divorced,Master,Research & Development,Sales Executive,5,18,3,8,3975,12,5,5,3,5,4,2,Yes,4,No
759,62,Male,Married,PhD,Research & Development,HR Specialist,2,2,1,6,5216,21,1,3,3,5,4,24,Yes,4,No
760,30,Female,Married,PhD,HR,Data Scientist,5,7,8,14,16267,10,2,1,2,3,2,1,No,4,No
761,21,Male,Single,Bachelor,Sales,Developer,1,11,1,9,11581,10,4,5,4,5,3,9,No,5,No
762,18,Female,Married,PhD,Sales,Manager,2,1,2,0,6515,23,4,5,5,5,4,9,Yes,5,No
763,57,Male,Married,Bachelor,Sales,HR Specialist,1,10,9,12,14048,3,2,3,4,3,4,13,Yes,0,No
764,49,Male,Divorced,Master,HR,HR Specialist,2,11,1,13,11776,20,4,3,4,1,3,8,No,4,Yes
765,51,Female,Married,Master,Sales,Sales Executive,5,17,2,6,4963,10,2,3,3,3,3,27,No,2,Yes
766,45,Female,Single,High School,HR,Data Scientist,4,12,5,0,8786,9,1,1,5,1,1,21,No,1,Yes
767,48,Male,Divorced,Master,IT,Sales Executive,3,4,2,6,15866,20,2,3,1,5,1,5,No,5,No
768,25,Female,Divorced,Bachelor,IT,Sales Executive,1,11,9,9,8200,19,5,4,3,1,1,29,No,5,No
769,56,Female,Single,PhD,HR,Data Scientist,5,1,7,7,19360,14,5,5,5,5,3,3,No,5,No
770,43,Male,Divorced,High School,Research & Development,Manager,4,4,5,10,9345,2,3,3,2,1,2,21,No,0,No
771,51,Male,Divorced,Bachelor,IT,Sales Executive,5,6,6,8,2045,5,4,5,3,1,4,4,Yes,4,No
772,20,Female,Single,PhD,Sales,Sales Executive,1,11,0,11,3193,20,4,2,2,3,3,17,Yes,2,Yes
773,29,Male,Divorced,High School,HR,HR Specialist,3,15,2,2,6512,8,2,2,3,1,2,16,No,1,Yes
774,18,Male,Single,Master,Sales,Data Scientist,5,7,2,14,18630,7,4,3,4,5,3,16,Yes,1,No
775,61,Male,Single,Bachelor,Sales,Developer,2,8,1,3,10983,6,5,5,5,3,2,25,No,4,No
776,22,Female,Married,PhD,Research & Development,Manager,4,14,6,3,2636,11,1,2,2,1,3,26,Yes,2,Yes
777,47,Female,Married,High School,Sales,Manager,5,4,8,11,5775,12,2,3,3,3,3,20,No,0,No
778,47,Male,Divorced,High School,Research & Development,Data Scientist,4,12,3,8,4421,18,4,5,2,4,2,3,Yes,5,No
779,34,Female,Divorced,Master,IT,HR Specialist,2,4,4,12,15025,19,5,3,3,3,2,6,No,5,No
780,64,Male,Single,PhD,HR,HR Specialist,3,10,2,6,11280,10,3,5,3,4,2,1,Yes,6,No
781,40,Female,Divorced,Master,Sales,Data Scientist,3,9,8,2,6183,21,4,2,1,4,2,21,Yes,4,No
782,32,Male,Single,Master,HR,HR Specialist,2,19,3,9,13351,14,1,3,1,3,2,16,No,1,No
783,54,Male,Single,PhD,Sales,Manager,4,12,4,4,19096,3,1,2,1,5,2,15,No,5,No
784,38,Female,Divorced,PhD,HR,Manager,5,8,0,6,7323,18,4,3,2,5,2,7,No,6,No
785,31,Male,Single,PhD,Sales,Developer,2,13,1,7,14888,24,4,1,4,5,2,2,Yes,1,Yes
786,19,Female,Married,Bachelor,Sales,Data Scientist,1,17,8,0,5644,15,5,2,3,2,3,10,Yes,1,No
787,28,Female,Divorced,PhD,Sales,Sales Executive,4,14,1,11,18142,6,4,2,5,4,2,25,Yes,4,Yes
788,56,Male,Married,High School,Sales,Sales Executive,3,9,4,1,9773,10,3,4,1,3,2,28,Yes,3,No
789,55,Male,Divorced,Master,Sales,Developer,2,6,7,6,12778,12,5,2,2,5,3,15,No,6,Yes
790,51,Female,Single,Bachelor,Sales,Developer,3,7,2,10,14501,7,2,5,2,5,3,6,No,3,Yes
791,55,Male,Divorced,PhD,Sales,HR Specialist,4,2,5,14,16409,17,3,3,2,3,1,2,Yes,3,No
792,51,Male,Married,Bachelor,Sales,Developer,3,14,3,12,4108,1,5,1,5,4,1,24,No,6,Yes
793,35,Male,Single,PhD,Sales,Developer,2,15,6,13,5614,18,5,5,5,3,2,24,No,2,No
794,47,Male,Divorced,Bachelor,HR,Sales Executive,4,3,9,12,12251,15,1,5,1,2,2,17,No,4,No
795,32,Male,Divorced,Master,Research & Development,HR Specialist,1,5,2,14,13678,19,5,5,5,2,1,28,No,6,Yes
796,44,Female,Divorced,Master,Sales,Developer,2,0,5,1,16367,1,3,5,1,3,1,1,Yes,1,No
797,51,Female,Married,High School,Research & Development,Developer,5,3,9,6,6332,5,4,1,5,4,4,1,No,6,Yes
798,55,Male,Married,High School,Sales,HR Specialist,2,10,8,14,14002,15,3,4,5,5,4,28,No,5,No
799,50,Male,Divorced,PhD,Sales,Data Scientist,4,11,9,8,17700,3,2,2,5,2,2,4,No,6,Yes
800,41,Male,Single,Master,HR,HR Specialist,2,4,0,10,15769,1,5,5,1,2,4,20,Yes,2,No
801,32,Female,Single,Bachelor,IT,Sales Executive,1,15,2,1,8963,8,5,2,3,4,1,16,No,3,No
802,47,Male,Married,Bachelor,IT,Data Scientist,1,12,1,6,9838,12,5,2,1,2,2,8,Yes,0,No
803,59,Female,Single,Bachelor,HR,Manager,5,12,7,3,14399,22,5,5,3,2,3,1,Yes,2,Yes
804,34,Female,Married,High School,Research & Development,HR Specialist,3,16,6,10,14243,19,1,4,2,4,3,26,No,2,Yes
805,22,Female,Divorced,Bachelor,IT,Sales Executive,4,6,1,12,3845,12,1,2,2,3,1,19,No,4,No
806,46,Male,Married,High School,HR,Data Scientist,4,7,5,1,15942,13,4,3,1,5,4,11,Yes,5,No
807,21,Female,Married,High School,HR,HR Specialist,3,12,2,12,18766,1,5,2,3,5,3,17,Yes,2,No
808,27,Male,Divorced,PhD,IT,Developer,1,15,7,6,6112,19,2,5,3,2,4,25,Yes,6,Yes
809,34,Female,Single,Bachelor,Research & Development,HR Specialist,1,3,9,12,14780,6,4,1,3,5,3,10,Yes,5,Yes
810,27,Male,Married,Bachelor,HR,Manager,2,7,2,4,17690,8,5,2,2,3,4,12,No,4,No
811,34,Female,Married,Master,Sales,HR Specialist,5,15,9,0,12088,4,1,4,1,2,3,9,Yes,6,No
812,37,Male,Divorced,PhD,Research & Development,Data Scientist,5,9,8,4,3509,5,2,3,4,5,3,7,No,0,No
813,41,Female,Single,Master,Research & Development,Data Scientist,5,11,0,11,14404,22,4,3,3,1,2,29,No,1,No
814,22,Male,Married,PhD,IT,HR Specialist,2,11,4,11,3578,7,2,1,3,1,2,12,Yes,1,No
815,51,Male,Divorced,Bachelor,IT,Data Scientist,5,4,2,2,19263,23,5,1,4,1,1,15,No,3,No
816,23,Male,Married,High School,Sales,Developer,3,15,5,6,16106,4,3,2,1,1,3,8,Yes,3,No
817,19,Male,Divorced,High School,HR,HR Specialist,2,0,9,5,11840,20,2,5,3,1,4,17,Yes,0,No
818,30,Female,Single,High School,IT,Developer,3,8,1,7,14931,4,2,4,1,2,3,5,Yes,1,No
819,60,Female,Single,High School,IT,Developer,2,11,8,12,3359,15,1,3,3,4,4,14,No,3,No
820,60,Male,Single,High School,Research & Development,Sales Executive,5,4,5,4,6242,21,5,1,5,4,4,2,No,5,No
821,28,Female,Single,Master,IT,HR Specialist,3,19,6,1,18464,5,2,4,3,2,3,16,Yes,2,No
822,64,Male,Married,PhD,IT,Data Scientist,3,2,4,8,4709,24,5,5,5,2,4,29,No,4,No
823,40,Male,Married,Bachelor,IT,Developer,3,4,8,13,14791,9,1,3,1,3,1,17,No,6,No
824,33,Female,Single,Master,IT,Sales Executive,2,1,0,10,19051,2,5,3,3,4,2,3,No,3,No
825,48,Male,Single,PhD,Research & Development,HR Specialist,4,13,4,7,5499,7,1,5,2,1,4,23,No,0,Yes
826,28,Male,Single,High School,Sales,HR Specialist,5,1,9,5,13690,17,1,3,2,2,3,1,No,6,No
827,33,Female,Married,PhD,Sales,Manager,3,12,5,12,10080,16,4,5,4,1,2,27,Yes,1,Yes
828,25,Male,Single,PhD,HR,Manager,4,6,6,9,3189,17,5,3,2,4,1,18,No,0,No
829,21,Male,Single,High School,IT,Developer,5,9,3,6,15908,20,3,2,5,5,4,18,No,4,No
830,57,Male,Single,High School,Research & Development,Manager,5,12,0,8,14751,23,4,5,2,5,4,4,Yes,4,No
831,21,Male,Divorced,High School,HR,Developer,3,15,7,6,16714,2,1,4,2,2,2,15,No,0,No
832,42,Female,Single,Bachelor,HR,Data Scientist,3,13,9,2,3025,11,3,2,2,3,4,28,No,3,No
833,20,Female,Divorced,High School,Sales,Developer,2,10,3,5,2071,2,2,4,3,1,3,19,No,3,Yes
834,49,Female,Divorced,Bachelor,Research & Development,Manager,4,9,2,10,7546,1,2,3,4,2,2,19,Yes,1,No
835,20,Male,Single,High School,Research & Development,Data Scientist,4,5,6,12,4685,2,4,4,1,3,2,10,No,5,No
836,44,Male,Divorced,Bachelor,Research & Development,Manager,3,3,1,10,11385,23,3,2,4,1,4,5,No,1,No
837,46,Female,Single,PhD,Sales,Developer,5,0,7,6,12576,9,5,5,5,4,1,19,Yes,2,Yes
838,49,Male,Married,Master,Sales,Sales Executive,3,6,5,1,4022,22,3,1,3,5,1,11,Yes,5,No
839,36,Male,Married,PhD,Sales,HR Specialist,5,8,6,2,17831,2,4,4,3,3,1,7,No,6,No
840,38,Male,Married,PhD,Sales,Manager,5,7,4,3,14940,15,5,1,2,1,1,5,Yes,2,No
841,22,Male,Married,High School,Sales,Developer,3,4,8,9,19682,10,5,4,2,2,2,20,Yes,1,No
842,35,Female,Divorced,Bachelor,IT,Data Scientist,1,18,4,5,6102,15,2,4,5,1,2,12,Yes,5,No
843,45,Female,Single,Master,IT,Manager,4,9,4,0,19288,10,3,5,3,2,4,19,No,5,No
844,59,Female,Single,High School,Research & Development,Manager,5,10,2,8,5026,23,5,3,1,5,1,15,No,2,No
845,39,Male,Single,High School,HR,HR Specialist,5,14,0,4,8709,17,4,2,4,5,1,12,Yes,0,No
846,38,Female,Married,High School,Research & Development,Developer,1,5,1,12,7969,9,2,2,3,1,4,4,Yes,3,Yes
847,23,Female,Married,PhD,HR,Sales Executive,2,14,7,11,4620,18,5,2,1,1,4,12,Yes,5,Yes
848,18,Male,Single,Bachelor,Sales,Data Scientist,1,4,0,13,4646,4,3,3,1,2,4,18,Yes,6,No
849,22,Male,Married,Bachelor,HR,Developer,1,18,6,6,6865,9,2,1,4,2,3,17,No,6,Yes
850,58,Female,Single,Master,Research & Development,Data Scientist,5,18,4,8,4289,16,3,2,1,3,4,19,Yes,5,No
851,29,Female,Single,Bachelor,Research & Development,Manager,4,9,2,8,9370,4,3,1,5,3,4,16,No,2,No
852,43,Female,Single,Bachelor,HR,HR Specialist,1,11,6,0,15854,16,3,3,1,3,3,11,Yes,5,No
853,63,Female,Single,High School,IT,HR Specialist,2,3,8,14,11677,19,2,3,5,1,1,2,No,2,No
854,51,Male,Single,High School,Sales,Sales Executive,3,17,1,0,13343,1,5,5,1,3,2,16,No,0,No
855,31,Female,Single,PhD,Sales,HR Specialist,1,15,7,2,19824,23,1,2,2,1,1,1,Yes,6,Yes
856,43,Female,Single,High School,Research & Development,Manager,1,7,8,5,2765,6,5,5,1,5,2,17,No,5,No
857,62,Male,Married,High School,IT,Sales Executive,2,3,2,1,14671,10,2,2,5,4,2,18,No,4,No
858,44,Female,Single,High School,HR,Developer,4,11,1,9,18158,16,1,3,1,5,4,29,No,1,No
859,26,Male,Single,High School,Sales,HR Specialist,1,1,6,11,6092,4,1,3,1,1,4,29,Yes,6,No
860,43,Male,Married,PhD,IT,Sales Executive,1,3,4,10,14975,22,1,4,1,1,3,25,No,0,Yes
861,64,Male,Married,High School,Sales,Manager,4,4,4,0,11341,22,4,4,5,4,1,29,No,4,No
862,39,Female,Married,Master,IT,Data Scientist,2,2,9,0,14334,13,2,3,1,2,1,13,Yes,6,Yes
863,64,Female,Single,Master,IT,Data Scientist,1,8,4,12,18077,16,4,3,4,2,2,5,Yes,0,Yes
864,47,Male,Divorced,Master,Research & Development,Manager,4,17,3,4,17835,20,1,1,4,2,4,25,No,3,No
865,60,Female,Divorced,Master,Sales,Manager,1,10,4,3,4666,6,4,1,5,3,4,24,No,0,No
866,34,Female,Married,High School,HR,Data Scientist,3,2,3,0,7968,11,4,5,2,2,1,29,Yes,0,No
867,43,Male,Divorced,Master,Research & Development,Sales Executive,5,1,5,3,9641,24,2,4,4,3,3,27,Yes,3,Yes
868,53,Male,Married,High School,Research & Development,Data Scientist,3,8,3,2,11834,3,3,4,3,3,4,6,No,5,No
869,18,Female,Single,PhD,HR,Manager,1,13,1,1,5888,20,4,3,4,2,3,1,No,1,No
870,25,Male,Divorced,Master,Research & Development,HR Specialist,2,3,8,8,2840,10,4,3,3,2,1,10,Yes,4,No
871,52,Female,Single,Bachelor,IT,Developer,5,8,1,13,15873,1,1,5,5,4,1,5,Yes,6,No
872,32,Female,Divorced,Master,IT,HR Specialist,3,12,8,14,12846,20,1,4,2,4,3,28,No,2,Yes
873,64,Female,Single,Master,Sales,HR Specialist,4,17,9,10,7899,11,1,1,3,3,4,1,No,1,No
874,39,Female,Divorced,High School,Sales,Manager,2,14,5,0,2565,12,5,2,3,4,1,23,Yes,6,No
875,31,Male,Single,Master,HR,Data Scientist,3,9,8,6,8005,14,4,5,4,3,2,26,No,0,Yes
876,43,Male,Single,Bachelor,Sales,Sales Executive,4,15,8,13,11156,8,1,2,3,1,1,11,No,2,No
877,45,Male,Divorced,High School,IT,HR Specialist,1,11,2,12,12474,11,2,1,5,3,4,24,No,3,No
878,40,Male,Single,High School,HR,Data Scientist,4,19,0,3,11187,4,5,1,5,3,2,24,No,1,Yes
879,31,Female,Single,PhD,HR,Sales Executive,3,4,0,4,9226,7,3,2,5,4,1,7,Yes,5,Yes
880,41,Female,Single,PhD,Sales,HR Specialist,3,1,2,9,11379,10,4,5,4,1,4,18,Yes,4,No
881,19,Male,Divorced,Master,IT,Sales Executive,1,9,4,4,7890,19,4,2,2,5,4,21,No,1,No
882,62,Female,Divorced,PhD,HR,Data Scientist,4,0,2,0,15113,4,2,5,4,5,1,20,No,1,Yes
883,43,Female,Single,PhD,IT,Developer,4,6,8,5,6311,2,3,5,5,5,4,21,No,5,No
884,31,Female,Single,PhD,IT,Data Scientist,1,16,8,12,13446,21,3,3,4,1,3,10,No,2,No
885,24,Male,Divorced,High School,IT,Manager,4,15,2,8,10848,18,5,4,5,2,2,25,Yes,3,No
886,20,Male,Divorced,High School,Sales,Sales Executive,1,2,2,1,8083,14,4,4,1,1,3,15,No,5,No
887,64,Male,Single,High School,Research & Development,Developer,2,13,4,6,14598,16,1,1,1,4,1,4,No,6,Yes
888,40,Female,Single,PhD,Research & Development,Sales Executive,3,9,1,5,18940,22,2,3,3,3,3,16,Yes,3,Yes
889,63,Male,Single,High School,HR,Sales Executive,2,6,5,4,4580,11,2,4,2,3,1,15,Yes,5,Yes
890,60,Male,Married,PhD,IT,HR Specialist,5,16,6,3,15844,10,2,5,1,4,1,15,No,1,Yes
891,64,Male,Divorced,High School,Sales,Manager,5,5,8,3,11553,17,2,5,5,4,4,12,Yes,3,No
892,62,Male,Married,High School,IT,Sales Executive,5,3,5,5,11386,14,1,2,4,3,4,8,Yes,2,No
893,35,Male,Divorced,Bachelor,IT,Data Scientist,1,16,2,3,16635,22,1,2,4,2,1,8,No,2,Yes
894,55,Male,Divorced,Master,Sales,Data Scientist,4,8,4,4,2671,4,5,5,3,2,2,18,No,4,No
895,52,Female,Divorced,PhD,Research & Development,HR Specialist,2,3,3,12,2777,19,4,5,4,2,2,6,Yes,3,No
896,32,Female,Divorced,Bachelor,IT,Manager,2,6,4,5,5022,2,1,2,1,4,2,5,No,4,Yes
897,42,Male,Divorced,High School,IT,Manager,2,1,7,4,15817,7,5,4,4,3,3,2,Yes,6,No
898,54,Male,Divorced,PhD,Research & Development,Data Scientist,2,16,7,6,16260,9,3,1,1,3,1,12,Yes,5,No
899,45,Female,Divorced,High School,Sales,Developer,5,7,5,8,3074,19,4,2,1,3,4,26,Yes,0,Yes
900,27,Female,Married,Master,HR,HR Specialist,2,14,0,9,11908,16,1,4,2,1,3,4,No,6,Yes
901,56,Male,Single,Bachelor,Research & Development,HR Specialist,4,14,7,6,11475,22,3,4,3,1,3,23,No,2,No
902,34,Male,Single,Master,HR,Data Scientist,5,7,7,6,14878,16,5,4,5,5,4,13,Yes,1,Yes
903,56,Male,Married,Bachelor,HR,Data Scientist,2,15,1,3,17120,18,1,3,1,1,1,17,Yes,2,No
904,39,Male,Married,High School,Research & Development,Developer,1,18,3,0,3986,23,1,3,3,2,3,16,No,0,No
905,43,Female,Married,Master,IT,Developer,3,10,1,13,12825,21,3,4,5,2,1,9,Yes,1,Yes
906,61,Male,Married,Master,HR,Manager,3,1,3,7,11193,21,1,5,4,2,1,26,Yes,3,Yes
907,42,Male,Divorced,High School,HR,HR Specialist,3,16,9,3,19430,11,2,3,3,2,1,28,No,3,No
908,34,Male,Single,Master,Sales,HR Specialist,5,15,6,0,4176,7,1,2,3,5,4,1,No,6,No
909,30,Male,Divorced,PhD,IT,Data Scientist,2,14,8,4,12047,9,4,3,3,2,1,15,No,2,No
910,37,Female,Single,Bachelor,HR,Manager,5,12,7,13,18884,4,3,5,4,4,3,12,No,1,No
911,42,Female,Single,Bachelor,Sales,HR Specialist,4,14,8,13,6608,13,4,1,4,4,4,5,Yes,5,No
912,21,Female,Married,Bachelor,IT,Manager,1,3,7,7,13906,4,5,3,3,4,4,23,No,1,No
913,27,Male,Divorced,PhD,Research & Development,Manager,1,15,1,3,9234,19,4,4,2,1,3,24,No,4,No
914,20,Male,Married,Bachelor,Research & Development,Data Scientist,3,11,6,12,8610,2,2,4,1,3,4,18,Yes,0,Yes
915,58,Female,Divorced,High School,Sales,Manager,3,3,1,11,12524,9,2,4,4,5,3,20,Yes,6,No
916,62,Male,Single,Master,Research & Development,Developer,3,2,1,7,18984,12,4,1,2,4,2,2,Yes,3,Yes
917,35,Male,Married,PhD,HR,Developer,2,16,3,7,15411,2,5,5,4,4,3,4,No,2,No
918,64,Female,Married,Bachelor,IT,Sales Executive,4,17,0,2,11180,6,1,2,3,2,4,15,Yes,1,No
919,53,Female,Single,High School,HR,Data Scientist,4,17,4,8,17225,5,2,5,2,4,3,6,No,3,Yes
920,64,Female,Single,Master,HR,Sales Executive,4,16,5,2,12073,5,4,1,5,2,2,22,Yes,2,No
921,39,Female,Single,Master,Research & Development,Developer,4,11,8,0,6483,20,4,4,1,2,1,12,No,3,No
922,51,Male,Married,PhD,HR,Sales Executive,3,3,9,1,7901,22,4,5,1,3,1,29,Yes,2,No
923,64,Male,Divorced,PhD,Research & Development,Data Scientist,1,11,7,14,8129,5,1,2,4,1,1,18,No,3,Yes
924,25,Female,Married,PhD,IT,Data Scientist,3,19,1,5,12415,4,3,4,1,2,4,27,No,5,No
925,57,Male,Divorced,High School,IT,Manager,4,14,0,11,6482,9,5,2,5,2,2,20,Yes,4,Yes
926,61,Female,Married,High School,HR,HR Specialist,3,15,1,9,11686,22,3,3,2,3,3,4,Yes,0,No
927,36,Female,Married,PhD,Sales,Manager,4,4,6,1,9400,10,5,2,2,2,3,1,No,3,No
928,59,Male,Single,Bachelor,Research & Development,Data Scientist,5,14,3,5,8806,16,5,4,3,5,3,15,Yes,0,No
929,58,Female,Divorced,Master,Research & Development,Developer,1,16,9,13,12516,10,4,3,2,1,3,18,No,3,No
930,54,Male,Married,Master,HR,Developer,5,17,4,0,9396,10,2,4,4,5,4,14,No,6,Yes
931,23,Male,Married,High School,Research & Development,Manager,2,4,6,10,9338,19,4,4,5,4,4,3,No,1,No
932,43,Male,Single,Master,Research & Development,Data Scientist,3,12,2,12,11950,10,1,3,3,1,2,29,Yes,4,No
933,51,Male,Single,Bachelor,Sales,Developer,2,18,9,0,14500,6,5,2,4,4,3,15,No,6,No
934,62,Female,Divorced,Master,Sales,Data Scientist,3,12,1,4,13545,17,2,1,4,2,1,27,No,5,No
935,23,Male,Married,High School,HR,Developer,5,17,6,9,7241,5,5,1,4,3,4,5,No,4,Yes
936,54,Female,Divorced,High School,Sales,Data Scientist,4,13,4,12,6695,6,5,1,1,5,2,27,No,0,No
937,50,Female,Married,Bachelor,HR,Sales Executive,4,3,0,10,13530,24,4,1,4,4,2,24,Yes,1,Yes
938,39,Female,Divorced,Bachelor,IT,Data Scientist,3,3,0,8,16312,15,2,5,1,2,4,22,Yes,2,Yes
939,38,Female,Single,Master,HR,Data Scientist,4,19,8,13,16318,19,2,1,2,5,1,3,No,6,Yes
940,23,Male,Married,Master,IT,Manager,5,19,4,7,13324,18,5,3,1,5,1,22,Yes,4,Yes
941,23,Male,Divorced,High School,HR,Sales Executive,4,18,0,2,5218,4,2,1,4,4,3,7,Yes,5,No
942,21,Female,Single,Bachelor,Research & Development,HR Specialist,5,12,6,14,6016,8,2,4,5,2,4,6,No,6,No
943,47,Female,Single,Bachelor,Sales,Manager,2,11,8,2,4837,16,4,1,5,3,1,26,Yes,1,No
944,28,Male,Divorced,Bachelor,IT,HR Specialist,5,6,0,14,18312,24,3,2,2,4,4,22,Yes,1,No
945,47,Female,Married,Master,HR,Developer,1,11,9,0,9034,19,1,3,4,5,2,1,Yes,0,No
946,48,Male,Married,Bachelor,Sales,HR Specialist,1,3,3,13,9309,20,3,3,1,5,2,19,Yes,5,No
947,41,Female,Single,High School,HR,Data Scientist,1,1,2,2,16379,3,2,5,5,1,2,7,Yes,1,Yes
948,26,Male,Married,High School,Sales,HR Specialist,3,1,4,14,6239,10,5,4,3,2,4,4,Yes,1,No
949,20,Female,Married,Master,Sales,Manager,3,4,6,13,14128,2,1,3,4,1,3,12,No,2,Yes
950,48,Female,Married,PhD,HR,Manager,3,9,7,11,17856,4,1,2,4,3,3,20,Yes,0,Yes
951,57,Male,Single,Master,IT,HR Specialist,5,9,1,11,11611,6,5,1,3,4,1,23,No,0,Yes
952,54,Female,Divorced,PhD,IT,Manager,3,8,6,11,6150,11,1,3,5,5,4,25,No,5,No
953,53,Female,Married,Bachelor,Research & Development,Manager,2,12,0,12,13109,14,5,2,3,2,3,27,No,1,No
954,41,Male,Single,Master,Sales,HR Specialist,1,6,6,10,3446,16,1,1,2,5,4,29,Yes,2,Yes
955,48,Female,Single,High School,Research & Development,Sales Executive,5,4,7,0,13936,21,3,5,1,1,3,29,Yes,3,No
956,23,Male,Divorced,Bachelor,Research & Development,Sales Executive,1,9,1,7,13036,19,1,3,1,1,2,18,No,4,No
957,19,Male,Married,High School,HR,Developer,3,9,8,0,8468,2,4,3,5,4,2,9,No,6,No
958,37,Female,Married,Bachelor,HR,Manager,5,5,0,4,16021,17,5,2,3,2,1,19,No,0,No
959,45,Female,Divorced,Master,HR,HR Specialist,4,18,5,8,6175,9,1,4,4,2,2,22,Yes,2,No
960,28,Female,Divorced,PhD,Sales,Manager,2,7,0,6,17390,17,5,5,4,4,3,4,Yes,5,Yes
961,21,Female,Single,Bachelor,HR,Data Scientist,3,0,2,3,7080,15,4,4,4,1,1,1,Yes,2,No
962,32,Female,Single,PhD,HR,Manager,3,16,5,10,17471,7,1,3,2,1,1,9,No,1,No
963,23,Female,Divorced,Bachelor,Sales,Manager,2,6,2,8,16893,22,1,4,2,1,2,27,Yes,4,No
964,47,Female,Married,High School,Sales,Sales Executive,2,13,7,8,19248,23,4,1,4,5,4,15,Yes,0,No
965,55,Male,Single,High School,IT,HR Specialist,4,16,4,1,18009,19,4,5,5,3,2,22,No,3,No
966,19,Female,Single,Bachelor,HR,Manager,3,8,1,9,8217,3,4,4,2,1,2,8,Yes,1,No
967,32,Male,Married,PhD,HR,Sales Executive,3,16,3,9,7672,1,5,1,2,3,1,15,No,0,Yes
968,28,Female,Single,Master,HR,Developer,1,4,8,10,3502,4,4,2,1,3,2,15,Yes,6,No
969,25,Female,Married,Master,IT,Sales Executive,5,19,3,11,3410,18,5,4,1,2,3,18,No,5,No
970,43,Male,Married,High School,HR,Sales Executive,5,7,9,5,5770,8,3,5,5,4,1,7,Yes,0,No
971,62,Female,Married,Master,IT,Sales Executive,1,5,9,3,12097,19,1,1,2,5,2,22,No,2,No
972,61,Female,Divorced,High School,Research & Development,Manager,5,10,7,7,6001,23,1,4,2,3,4,18,Yes,6,No
973,22,Male,Divorced,Master,IT,Manager,2,18,4,11,2598,23,2,2,3,5,3,16,No,4,Yes
974,23,Female,Divorced,Bachelor,Research & Development,Developer,5,3,9,10,12976,6,3,4,5,2,4,2,No,3,No
975,43,Female,Married,High School,HR,Data Scientist,5,17,0,6,8391,1,4,1,5,1,3,4,Yes,4,No
976,21,Female,Married,High School,Research & Development,Data Scientist,1,0,6,6,18450,8,4,4,3,3,4,20,Yes,2,No
977,36,Male,Divorced,Bachelor,IT,Data Scientist,4,12,2,10,16908,1,3,5,3,4,2,16,No,3,No
978,37,Female,Single,High School,Sales,Developer,5,13,9,9,13590,19,4,3,1,2,3,3,Yes,3,No
979,50,Female,Married,Master,Research & Development,Data Scientist,5,0,7,8,18279,11,2,1,5,5,1,24,No,1,No
980,37,Female,Single,Master,Research & Development,Data Scientist,4,10,2,12,4750,21,5,1,5,1,1,23,No,3,No
981,29,Female,Single,High School,HR,Sales Executive,1,16,0,4,11916,24,1,1,3,5,4,2,Yes,0,Yes
982,64,Male,Married,Master,IT,Manager,4,3,4,5,8806,15,3,1,4,4,4,3,Yes,4,Yes
983,18,Male,Married,PhD,Research & Development,Manager,1,11,1,0,8429,23,1,4,4,3,4,26,Yes,5,No
984,43,Female,Single,High School,Research & Development,Sales Executive,2,9,3,5,10123,11,5,5,1,4,3,25,No,5,No
985,31,Female,Single,Bachelor,Research & Development,Sales Executive,1,5,0,1,8452,19,3,2,4,5,1,29,No,4,No
986,55,Male,Divorced,PhD,Research & Development,Sales Executive,2,0,8,5,19158,21,5,5,4,5,2,5,Yes,1,No
987,54,Male,Divorced,High School,Sales,Manager,2,6,5,8,17456,10,4,1,4,4,3,2,No,3,No
988,28,Female,Married,Bachelor,IT,Data Scientist,1,15,7,7,6019,24,4,4,2,4,4,19,No,2,No
989,53,Male,Divorced,Master,HR,Sales Executive,3,13,3,8,14419,12,4,4,1,4,1,24,Yes,6,No
990,30,Female,Divorced,Bachelor,HR,Developer,1,19,8,12,2929,1,5,1,3,1,4,20,No,6,No
991,60,Male,Divorced,PhD,Sales,Sales Executive,5,19,1,14,8264,24,5,4,4,5,2,2,No,0,No
992,20,Male,Divorced,Master,IT,HR Specialist,5,5,8,9,9973,7,5,1,2,2,2,2,No,1,Yes
993,50,Male,Single,High School,Research & Development,Sales Executive,3,4,4,7,11697,17,1,5,4,1,1,22,Yes,6,No
994,23,Male,Married,Master,Sales,Manager,2,17,5,2,13136,10,5,3,2,1,3,24,Yes,3,No
995,27,Female,Divorced,High School,IT,Sales Executive,3,14,2,7,3184,6,4,4,1,1,2,23,No,5,Yes
996,22,Male,Single,High School,Research & Development,HR Specialist,5,5,3,5,18911,17,2,1,4,2,2,20,Yes,2,Yes
997,40,Male,Single,Bachelor,Sales,Developer,3,18,5,12,2916,18,5,1,2,4,2,18,No,3,Yes
998,27,Female,Single,Bachelor,IT,Data Scientist,1,0,6,5,5574,5,2,4,5,5,2,25,Yes,1,No
999,61,Male,Divorced,Bachelor,HR,Sales Executive,3,0,0,5,5319,18,4,2,5,3,4,20,No,2,No
1000,19,Male,Divorced,PhD,HR,HR Specialist,2,12,6,2,19790,17,5,1,2,3,4,25,No,6,Yes
